id,pcid,cid,招生代码,zstype,coname,conamememo,bdenji,选测等级,xdenjinuma,xdenjinumb,xdenjicanchange,diploma,yearno,ty,pici,source_pici,source_zscode,招生专业代码,specname,specflag,specnamememo,specnamememolq,specnamememoplan,招生计划增减,xuezi,xuefei,xuancei,sid,speccode,scateid,stypebig,stypesmall,计划招生,录取人数,最高分,最低分,分差,位次,segmenttotalman,linescore,zypingxing,zyzhengqiu,zyfucong,lastplannum,lastlqnum,2018最高分,2018最低分,2018分差,2018位次,lastsegmenttotalman,lastlinescore,lastzypingxing,lastzyzhengqiu,lastzyfucong,is985,is211,isyan,is11c,is11s,collegelevel,collegetype,province,banxuetype,分差2019,位次2019,分差2018,位次2018,分差2017,位次2017,分差2016,位次2016,分差2015,位次2015,isok,zscode,xdenji,speccodenum,specflag_old,specnamememo_jiu,plannumupdown,plannum,lqnum,maxscore,minscore,minscoreminus,segmentposition,lastmaxscore,lastminscore,lastminscoreminus,lastsegmentposition,minscoreminus2019,segmentposition2019,minscoreminus2018,segmentposition2018,minscoreminus2017,segmentposition2017,minscoreminus2016,segmentposition2016,minscoreminus2015,segmentposition2015
326413,68153,1,,,清华大学,(北京),,,9,8,1,本科,2020,文科,本科第一批次,,,,文科试验班类,100326413,(经济、金融与管理),,,,四年,5000,√√√√,0,,0,,,,,,,,,0,343,1,0,0,1,1,,,,,20,339,1,0,0,1,1,1,1,1,A+,综合,北京,公办院校,,,,,,,,,,,1,3103,A+A,01,310225900,(经济、金融与管理),0,1,1,429,429,86,0,411,411,72,1,72,1,77,0,86,0,55,0,0,0
326414,68153,1,,,清华大学,(北京),,,9,8,1,本科,2020,文科,本科第一批次,,,,法学,200326414,(含国际班),,,,四年,5000,√√√√,2293,030101,105,法学,法学类,,,,,,,0,343,1,0,0,0,0,,,,,0,0,0,0,0,1,1,1,1,1,A+,综合,北京,公办院校,,,,,,,,,,,1,3103,A+A,02,0,(含国际班),36077,1,1,423,423,80,0,0,0,0,0,0,0,0,0,0,0,0,0,0,0
326388,68144,2,,,北京大学,,,,9,8,1,本科,2020,文科,本科第一批次,,,,文科试验班类,100326388,,,,,四年,5300,√×××,0,,0,,,,,,,,,0,343,4,0,0,1,3,,,,,20,339,3,0,0,1,1,1,1,1,A+,综合,北京,公办院校,,,,,,,,,,,1,3101,A+A,07,310225852,,0,1,4,427,425,82,0,418,411,72,1,72,1,78,0,81,0,57,0,64,20
326389,68144,2,,,北京大学,,,,9,8,1,本科,2020,文科,本科第一批次,,,,中国语言文学类,100326389,,,,,四年,5000,√×××,2328,050100,113,文学,中国语言文学类,,,,,,,5,343,3,0,0,2,1,,,,,0,339,1,0,0,1,1,1,1,1,A+,综合,北京,公办院校,,,,,,,,,,,1,3101,A+A,08,110225851,,0,2,3,422,420,77,17,412,412,73,0,73,0,75,0,76,19,55,0,59,0
326390,68144,2,,,北京大学,,,,9,8,1,本科,2020,文科,本科第一批次,,,,考古学,100326390,,,,,四年,5000,√×××,114,060103,116,历史学,历史学类,,,,,,,8,343,1,0,0,1,0,,,,,0,339,0,0,0,1,1,1,1,1,A+,综合,北京,公办院校,,,,,,,,,,,1,3101,A+A,09,310225850,,0,1,1,417,417,74,34,0,0,0,0,0,0,71,0,72,28,0,0,0,0
326391,68144,2,,,北京大学,,,,9,8,1,本科,2020,文科,本科第一批次,,,,历史学类,100326391,,,,,四年,5000,√×××,2335,060100,116,历史学,历史学类,,,,,,,9,343,2,0,0,1,1,,,,,4,339,1,0,0,1,1,1,1,1,A+,综合,北京,公办院校,,,,,,,,,,,1,3101,A+A,10,110225849,,0,1,2,418,418,75,25,409,409,70,26,70,26,72,0,72,28,52,30,59,0
326392,68144,2,,,北京大学,,,,9,8,1,本科,2020,文科,本科第一批次,,,,哲学类,100326392,,,,,四年,5000,√×××,3035,010100,100,哲学,哲学类,,,,,,,8,343,3,0,0,1,0,,,,,0,339,0,0,0,1,1,1,1,1,A+,综合,北京,公办院校,,,,,,,,,,,1,3101,A+A,11,210225848,,0,1,3,417,417,74,34,0,0,0,0,0,0,71,0,0,0,0,0,0,0
326393,68144,2,,,北京大学,,,,9,8,1,本科,2020,文科,本科第一批次,,,,社会学类,100326393,,,,,四年,5000,√×××,2299,030300,107,法学,社会学类,,,,,,,9,343,3,0,0,1,1,,,,,20,339,1,0,0,1,1,1,1,1,A+,综合,北京,公办院校,,,,,,,,,,,1,3101,A+A,12,220000813,,1,2,3,421,418,75,25,411,411,72,1,72,1,71,0,0,0,0,0,0,0
326394,68144,2,,,北京大学,,,,9,8,1,本科,2020,文科,本科第一批次,,,,国际政治,100326394,,,,,四年,5000,√×××,16,030202,106,法学,政治学类,,,,,,,8,343,4,0,0,1,3,,,,,4,339,3,0,0,1,1,1,1,1,A+,综合,北京,公办院校,,,,,,,,,,,1,3101,A+A,13,110225842,,2,3,4,420,417,74,34,411,409,70,26,70,26,75,0,75,22,0,0,0,0
326395,68144,2,,,北京大学,,,,9,8,1,本科,2020,文科,本科第一批次,,,,法学,100326395,,,,,四年,5000,√×××,2293,030101,105,法学,法学类,,,,,,,0,343,3,0,0,2,2,,,,,0,339,2,0,0,1,1,1,1,1,A+,综合,北京,公办院校,,,,,,,,,,,1,3101,A+A,14,110225843,,1,3,3,424,422,79,0,416,414,75,0,75,0,74,0,79,0,52,30,61,0
326396,68144,2,,,北京大学,,,,9,8,1,本科,2020,文科,本科第一批次,,,,信息管理与信息系统,100326396,,,,,四年,5000,√×××,293,120102,177,管理学,管理科学与工程类,,,,,,,0,343,0,0,0,1,1,,,,,5,339,1,0,0,1,1,1,1,1,A+,综合,北京,公办院校,,,,,,,,,,,1,3101,A+A,15,120326396,,1,2,0,0,0,0,0,410,410,71,21,71,21,0,0,0,0,0,0,0,0
326397,68144,2,,,北京大学,,,,9,8,1,本科,2020,文科,本科第一批次,,,,新闻传播学类,100326397,,,,,四年,5000,√×××,2332,050300,115,文学,新闻传播学类,,,,,,,3,343,2,0,0,1,1,,,,,5,339,1,0,0,1,1,1,1,1,A+,综合,北京,公办院校,,,,,,,,,,,1,3101,A+A,16,110225844,,1,2,2,420,419,76,22,410,410,71,21,71,21,73,0,76,19,0,0,61,0
326398,68144,2,,,北京大学,,,,9,8,1,本科,2020,文科,本科第一批次,,,,经济学类,100326398,,,,,四年,5000,√×××,2279,020100,101,经济学,经济学类,,,,,,,16,343,1,0,0,1,1,,,,,0,339,1,0,0,1,1,1,1,1,A+,综合,北京,公办院校,,,,,,,,,,,1,3101,A+A,17,110225845,,0,1,1,421,421,78,1,412,412,73,0,73,0,77,0,78,0,52,30,62,0
326399,68144,2,,,北京大学,,,,9,8,1,本科,2020,文科,本科第一批次,,,,工商管理类,100326399,,,,,四年,5000,√×××,2519,120200,178,管理学,工商管理类,,,,,,,0,343,1,0,0,1,4,,,,,0,339,4,0,0,1,1,1,1,1,A+,综合,北京,公办院校,,,,,,,,,,,1,3101,A+A,18,110225846,,0,1,1,422,422,79,0,420,418,79,0,79,0,79,0,88,0,57,0,65,0
326400,68144,2,,,北京大学,,,,9,8,1,本科,2020,文科,本科第一批次,,,,公共管理类,100326400,,,,,四年,5000,√×××,2527,120400,180,管理学,公共管理类,,,,,,,9,343,1,0,0,1,1,,,,,4,339,1,0,0,1,1,1,1,1,A+,综合,北京,公办院校,,,,,,,,,,,1,3101,A+A,19,210225853,,1,2,1,418,418,75,25,409,409,70,26,70,26,0,0,72,28,53,26,60,0
326401,68144,2,,,北京大学,,,,9,8,1,本科,2020,文科,本科第一批次,,,,人文科学试验班,100326401,,,,,四年,5000,√×××,0,,0,,,,,,,,,0,343,0,0,0,1,0,,,,,0,339,0,0,0,1,1,1,1,1,A+,综合,北京,公办院校,,,,,,,,,,,1,3101,A+A,20,310225855,,1,2,0,0,0,0,0,0,0,0,0,0,0,0,0,0,0,0,0,0,0
326402,68144,2,,,北京大学,,,,9,8,1,本科,2020,文科,本科第一批次,,,,城乡规划,0,,,,,四年,5000,√×××,242,082802,156,工学,建筑类,,,,,,,8,343,1,0,0,0,0,,,,,0,0,0,0,0,1,1,1,1,1,A+,综合,北京,公办院校,,,,,,,,,,,1,3101,A+A,21,0,,36077,2,1,417,417,74,34,0,0,0,0,0,0,0,0,0,0,0,0,0,0
326403,68144,2,,,北京大学,,,,9,8,1,本科,2020,文科,本科第一批次,,,,英语,100326403,(只招英语考生)(口),,,,四年,5000,√×××,45,050201,114,文学,外国语言文学类,,,,,,,0,343,0,0,0,2,1,,,,,20,339,1,0,0,1,1,1,1,1,A+,综合,北京,公办院校,,,,,,,,,,,1,3101,A+A,22,310225854,(只招英语考生)(口),0,2,0,0,0,0,0,411,411,72,1,72,1,0,0,0,0,0,0,63,0
326104,67687,3,,,浙江大学,(杭州),,,8,8,1,本科,2020,文科,本科第一批次,,,,人文科学试验班,100326104,,,,,四年,5300,√√√√,0,,0,,,,,,,,,48,343,12,0,0,12,7,,,,,60,339,7,0,0,1,1,1,1,1,A+,综合,浙江,公办院校,,,,,,,,,,,1,2201,AA,01,110221595,,1,13,12,402,402,59,344,399,390,51,452,51,452,50,450,50,398,37,339,37,496
326105,67687,3,,,浙江大学,(杭州),,,8,8,1,本科,2020,文科,本科第一批次,,,,新闻传播学类,0,,,,,四年,5300,√√√√,2332,050300,115,文学,新闻传播学类,,,,,,,48,343,4,0,0,0,0,,,,,0,0,0,0,0,1,1,1,1,1,A+,综合,浙江,公办院校,,,,,,,,,,,1,2201,AA,02,0,,36077,4,4,409,402,59,344,0,0,0,0,0,0,0,0,0,0,0,0,0,0
326106,67687,3,,,浙江大学,(杭州),,,8,8,1,本科,2020,文科,本科第一批次,,,,外国语言文学类,0,(英语、翻译、德语、法     语、西班牙语、日语、俄语),,,,四年,5300,√√√√,2331,050200,114,文学,外国语言文学类,,,,,,,48,343,5,0,0,0,0,,,,,0,0,0,0,0,1,1,1,1,1,A+,综合,浙江,公办院校,,,,,,,,,,,1,2201,AA,03,0,(英语、翻译、德语、法     语、西班牙语、日语、俄语),36077,5,5,403,402,59,344,0,0,0,0,0,0,0,0,0,0,0,0,0,0
326107,67687,3,,,浙江大学,(杭州),,,8,8,1,本科,2020,文科,本科第一批次,,,,社会科学试验班,100326107,,,,,四年,5300,√√√√,0,,0,,,,,,,,,48,343,14,0,0,14,16,,,,,51,339,16,0,0,1,1,1,1,1,A+,综合,浙江,公办院校,,,,,,,,,,,1,2201,AA,04,110221592,,-1,13,14,407,402,59,344,400,391,52,401,52,401,56,222,52,324,38,301,40,346
326108,67687,3,,,浙江大学,(杭州),,,8,8,1,本科,2020,文科,本科第一批次,,,,人文科学试验班,100326108,(农村学生单独招生计划(即高校专项计划)，仅限户籍、学籍等符合报名条件，在当地就读且经公示无异议的考生报考),,,,四年,5300,√√√√,0,,0,,,,,,,,,0,343,0,0,0,2,0,,,,,0,339,0,0,0,1,1,1,1,1,A+,综合,浙江,公办院校,,,,,,,,,,,1,2201,AA,05,510176933,(农村学生单独招生计划(即高校专项计划)，仅限户籍、学籍等符合报名条件，在当地就读且经公示无异议的考生报考),1,3,0,0,0,0,0,0,0,0,0,0,0,0,0,0,0,0,0,0,0
326109,67687,3,,,浙江大学,(杭州),,,8,8,1,本科,2020,文科,本科第一批次,,,,社会科学试验班,100326109,(农村学生单独招生计划(即高校专项计划)，仅限户籍、学籍等符合报名条件，在当地就读且经公示无异议的考生报考),,,,四年,5300,√√√√,0,,0,,,,,,,,,0,343,0,0,0,2,0,,,,,0,339,0,0,0,1,1,1,1,1,A+,综合,浙江,公办院校,,,,,,,,,,,1,2201,AA,06,220176932,(农村学生单独招生计划(即高校专项计划)，仅限户籍、学籍等符合报名条件，在当地就读且经公示无异议的考生报考),1,3,0,0,0,0,0,0,0,0,0,0,0,0,0,0,0,0,0,0,0
325921,67571,4,,,复旦大学,(上海),,,9,8,1,本科,2020,文科,本科第一批次,,,,法学,100325921,,,,,四年,5500,√√√√,2293,030101,105,法学,法学类,,,,,,,13,343,2,0,0,0,0,,,,,0,0,0,0,0,1,1,1,1,1,A+,综合,上海,公办院校,,,,,,,,,,,1,2101,A+A,09,310220387,,36077,2,2,416,413,70,68,0,0,0,0,0,0,62,85,65,65,47,71,49,120
325922,67571,4,,,复旦大学,(上海),,,9,8,1,本科,2020,文科,本科第一批次,,,,新闻传播学类,100325922,,,,,四年,5000,√√√√,2332,050300,115,文学,新闻传播学类,,,,,,,11,343,2,0,0,0,0,,,,,0,0,0,0,0,1,1,1,1,1,A+,综合,上海,公办院校,,,,,,,,,,,1,2101,A+A,10,310220386,,36077,2,2,418,410,67,112,0,0,0,0,0,0,0,0,64,79,47,71,52,71
325923,67571,4,,,复旦大学,(上海),,,9,8,1,本科,2020,文科,本科第一批次,,,,经济管理试验班,100325923,,,,,四年,5000,√√√√,0,,0,,,,,,,,,13,343,5,0,0,1,3,,,,,18,339,3,0,0,1,1,1,1,1,A+,综合,上海,公办院校,,,,,,,,,,,1,2101,A+A,11,310220390,,0,1,5,418,415,72,48,407,406,67,43,67,43,64,1,67,50,0,0,0,0
325924,67571,4,,,复旦大学,(上海),,,9,8,1,本科,2020,文科,本科第一批次,,,,人文科学试验班,100325924,,,,,四年,5500,√√√√,0,,0,,,,,,,,,13,343,2,0,0,4,2,,,,,8,339,2,0,0,1,1,1,1,1,A+,综合,上海,公办院校,,,,,,,,,,,1,2101,A+A,12,310220389,,0,4,2,413,413,70,68,408,405,66,61,66,61,66,0,0,0,0,0,0,0
325925,67571,4,,,复旦大学,(上海),,,9,8,1,本科,2020,文科,本科第一批次,,,,英语,100325925,(只招英语考生)(口),,,,四年,5000,√√√√,45,050201,114,文学,外国语言文学类,,,,,,,0,343,0,0,0,2,1,,,,,8,339,1,0,0,1,1,1,1,1,A+,综合,上海,公办院校,,,,,,,,,,,1,2101,A+A,13,310220388,(只招英语考生)(口),0,2,0,0,0,0,0,405,405,66,61,66,61,0,0,64,79,0,0,49,120
325926,67571,4,,,复旦大学,(上海),,,9,8,1,本科,2020,文科,本科第一批次,,,,经济学类,100325926,,,,,四年,5500,√√√√,2279,020100,101,经济学,经济学类,,,,,,,7,343,4,0,0,4,7,,,,,18,339,7,0,0,1,1,1,1,1,A+,综合,上海,公办院校,,,,,,,,,,,1,2101,A+A,14,310220385,,0,4,4,416,414,71,61,408,406,67,43,67,43,64,1,65,65,49,54,53,62
325927,67571,4,,,复旦大学,(上海),,,9,8,1,本科,2020,文科,本科第一批次,,,,法学,100325927,(农村学生单独招生计划(即高校专项计划)，仅限户籍、学籍等符合报名条件，在当地就读且经公示无异议的考生报考),,,,四年,5500,√√√√,2293,030101,105,法学,法学类,,,,,,,0,343,0,0,0,0,0,,,,,0,0,0,0,0,1,1,1,1,1,A+,综合,上海,公办院校,,,,,,,,,,,1,2101,A+A,15,310220387,(农村学生单独招生计划(即高校专项计划)，仅限户籍、学籍等符合报名条件，在当地就读且经公示无异议的考生报考),36077,2,0,0,0,0,0,0,0,0,0,0,0,62,85,65,65,47,71,49,120
325928,67571,4,,,复旦大学,(上海),,,9,8,1,本科,2020,文科,本科第一批次,,,,新闻传播学类,100325928,(农村学生单独招生计划(即高校专项计划)，仅限户籍、学籍等符合报名条件，在当地就读且经公示无异议的考生报考),,,,四年,5000,√√√√,2332,050300,115,文学,新闻传播学类,,,,,,,0,343,0,0,0,0,0,,,,,0,0,0,0,0,1,1,1,1,1,A+,综合,上海,公办院校,,,,,,,,,,,1,2101,A+A,16,310220386,(农村学生单独招生计划(即高校专项计划)，仅限户籍、学籍等符合报名条件，在当地就读且经公示无异议的考生报考),36077,1,0,0,0,0,0,0,0,0,0,0,0,0,0,64,79,47,71,52,71
325929,67571,4,,,复旦大学,(上海),,,9,8,1,本科,2020,文科,本科第一批次,,,,历史学类,100325929,"(农村学生单独招生计划(即高校专项计划),仅限户籍、学籍等符合报名条件,在当地就读且经公示无异议的考生报考)",,,,四年,5000,√√√√,2335,060100,116,历史学,历史学类,,,,,,,0,343,0,0,0,3,0,,,,,0,339,0,0,0,1,1,1,1,1,A+,综合,上海,公办院校,,,,,,,,,,,1,2101,A+A,17,310131591,"(农村学生单独招生计划(即高校专项计划),仅限户籍、学籍等符合报名条件,在当地就读且经公示无异议的考生报考)",-1,2,0,0,0,0,0,0,0,0,0,0,0,0,0,0,0,0,0,49,120
325930,67571,4,,,复旦大学,(上海),,,9,8,1,本科,2020,文科,本科第一批次,,,,社会科学试验班,100325930,(农村学生单独招生计划(即高校专项计划)，仅限户籍、学籍等符合报名条件，在当地就读且经公示无异议的考生报考),,,,四年,5000,√√√√,0,,0,,,,,,,,,0,343,0,0,0,1,0,,,,,0,339,0,0,0,1,1,1,1,1,A+,综合,上海,公办院校,,,,,,,,,,,1,2101,A+A,18,310131588,(农村学生单独招生计划(即高校专项计划)，仅限户籍、学籍等符合报名条件，在当地就读且经公示无异议的考生报考),2,3,0,0,0,0,0,0,0,0,0,0,0,0,0,0,0,0,0,51,83
325931,67571,4,,,复旦大学,(上海),,,9,8,1,本科,2020,文科,本科第一批次,,,,哲学类,100325931,(农村学生单独招生计划(即高校专项计划)，仅限户籍、学籍等符合报名条件，在当地就读且经公示无异议的考生报考),,,,四年,5000,√√√√,3035,010100,100,哲学,哲学类,,,,,,,0,343,0,0,0,3,0,,,,,0,339,0,0,0,1,1,1,1,1,A+,综合,上海,公办院校,,,,,,,,,,,1,2101,A+A,19,210131592,(农村学生单独招生计划(即高校专项计划)，仅限户籍、学籍等符合报名条件，在当地就读且经公示无异议的考生报考),-2,1,0,0,0,0,0,0,0,0,0,0,0,0,0,0,0,0,0,49,120
325932,67571,4,,,复旦大学,(上海),,,9,8,1,本科,2020,文科,本科第一批次,,,,中国语言文学类,100325932,(农村学生单独招生计划(即高校专项计划)，仅限户籍、学籍等符合报名条件，在当地就读且经公示无异议的考生报考),,,,四年,5000,√√√√,2328,050100,113,文学,中国语言文学类,,,,,,,0,343,0,0,0,1,0,,,,,0,339,0,0,0,1,1,1,1,1,A+,综合,上海,公办院校,,,,,,,,,,,1,2101,A+A,20,310220391,(农村学生单独招生计划(即高校专项计划)，仅限户籍、学籍等符合报名条件，在当地就读且经公示无异议的考生报考),0,1,0,0,0,0,0,0,0,0,0,0,0,0,0,66,57,47,71,50,100
325446,67056,5,,,南京大学,,,,8,8,1,本科,2020,文科,本科第一批次,,,,汉语言文学,100325446,,,,,四年,5200,√√√√,40,050101,113,文学,中国语言文学类,,,,,,,48,343,10,0,0,0,0,,,,,0,0,0,0,0,1,1,1,1,1,A+,综合,江苏,公办院校,,,,,,,,,,,1,1101,AA,07,0,,36077,7,10,409,403,60,296,0,0,0,0,0,0,0,0,0,0,0,0,0,0
325447,67056,5,,,南京大学,,,,8,8,1,本科,2020,文科,本科第一批次,,,,外国语言文学类,100325447,(英语、德语、法语、西班牙语),,,,四年,5720,√√√√,2331,050200,114,文学,外国语言文学类,,,,,,,48,343,7,0,0,20,30,,,,,51,339,30,0,0,1,1,1,1,1,A+,综合,江苏,公办院校,,,,,,,,,,,1,1101,AA,08,220210537,(英语、德语、法语、西班牙语),-10,10,7,406,403,60,296,399,391,52,401,52,401,51,397,55,244,0,0,0,0
325448,67056,5,,,南京大学,,,,8,8,1,本科,2020,文科,本科第一批次,,,,社会科学试验班,200325448,(法学、编辑出版学、社会学、社会工作、应用心理学、行政管理、劳动与社会保障、图书馆学、档案学、信息管理与信息系统、政治学与行政学、国际政   治),,,,四年,5720,√√√√,0,,0,,,,,,,,,48,343,60,0,0,44,59,,,,,51,339,59,0,0,1,1,1,1,1,A+,综合,江苏,公办院校,,,,,,,,,,,1,1101,AA,09,120325448,(法学、编辑出版学、社会学、社会工作、应用心理学、行政管理、劳动与社会保障、图书馆学、档案学、信息管理与信息系统、政治学与行政学、国际政   治),5,49,60,412,403,60,296,400,391,52,401,52,401,0,0,0,0,0,0,0,0
325449,67056,5,,,南京大学,,,,8,8,1,本科,2020,文科,本科第一批次,,,,人文科学试验班,100325449,(哲学、汉语国际教育、汉语言文学、新闻学、广播电视学、广告学、历史学、考古学、考古学(文物鉴定))(人文艺术传播类),,,,四年,5720,√√√√,0,,0,,,,,,,,,48,343,28,0,0,0,0,,,,,0,0,0,0,0,1,1,1,1,1,A+,综合,江苏,公办院校,,,,,,,,,,,1,1101,AA,10,220210536,(哲学、汉语国际教育、汉语言文学、新闻学、广播电视学、广告学、历史学、考古学、考古学(文物鉴定))(人文艺术传播类),36077,23,28,407,403,60,296,0,0,0,0,52,401,51,397,51,361,0,0,0,0
325450,67056,5,,,南京大学,,,,8,8,1,本科,2020,文科,本科第一批次,,,,经济管理试验班,100325450,(经济学、金融学、金融工程、保险学、经济学(产业经济学)、工商管理、市场营销、会计学、财务管理、电子商务、工商管理(人力资源)、国际经济与贸   易),,,,四年,5720,√√√√,0,,0,,,,,,,,,36,343,36,0,0,25,29,,,,,29,339,29,0,0,1,1,1,1,1,A+,综合,江苏,公办院校,,,,,,,,,,,1,1101,AA,11,120325450,(经济学、金融学、金融工程、保险学、经济学(产业经济学)、工商管理、市场营销、会计学、财务管理、电子商务、工商管理(人力资源)、国际经济与贸   易),6,31,36,410,404,61,260,402,395,56,241,56,241,0,0,0,0,0,0,0,0
325451,67056,5,,,南京大学,,,,8,8,1,本科,2020,文科,本科第一批次,,,,外国语言文学类,0,(英语、德语、法语、西班牙语)(农村学生单独招生计划(即高校专项计划)，仅限户籍、学籍等符合报名条件，在当地就读且经公示无异议的考生报考),,,,四年,5720,√√√√,2331,050200,114,文学,外国语言文学类,,,,,,,0,343,0,0,0,0,0,,,,,0,0,0,0,0,1,1,1,1,1,A+,综合,江苏,公办院校,,,,,,,,,,,0,1101,AA,12,0,(英语、德语、法语、西班牙语)(农村学生单独招生计划(即高校专项计划)，仅限户籍、学籍等符合报名条件，在当地就读且经公示无异议的考生报考),36077,1,0,0,0,0,0,0,0,0,0,0,0,0,0,0,0,0,0,0,0
326767,68806,6,,,华中科技大学,(武汉),,,8,7,1,本科,2020,文科,本科第一批次,,,,建筑类,200326767,(智慧建筑规划试验班),,,,五年,5850,√√√√,2445,082800,156,工学,建筑类,,,,,,,109,343,3,0,0,3,3,,,,,90,339,3,0,0,1,1,1,1,1,A+,综合,湖北,公办院校,,,,,,,,,,,1,5202,AB+,01,910291977,(智慧建筑规划试验班),0,3,3,396,393,50,957,384,384,45,876,45,876,44,848,0,0,0,0,0,0
326768,68806,6,,,华中科技大学,(武汉),,,8,7,1,本科,2020,文科,本科第一批次,,,,工商管理类,200326768,(含工商管理等5个专业),,,,四年,4500,√√√√,2519,120200,178,管理学,工商管理类,,,,,,,109,343,6,0,0,5,5,,,,,90,339,5,0,0,1,1,1,1,1,A+,综合,湖北,公办院校,,,,,,,,,,,1,5202,AB+,02,910291978,(含工商管理等5个专业),1,6,6,396,393,50,957,384,384,45,876,45,876,43,934,0,0,0,0,0,0
326769,68806,6,,,华中科技大学,(武汉),,,8,7,1,本科,2020,文科,本科第一批次,,,,中国语言文学类,100326769,(汉语言文学、汉语国际教育),,,,四年,4500,√√√√,2328,050100,113,文学,中国语言文学类,,,,,,,109,343,5,0,0,5,5,,,,,108,339,5,0,0,1,1,1,1,1,A+,综合,湖北,公办院校,,,,,,,,,,,1,5202,AB+,03,910291979,(汉语言文学、汉语国际教育),0,5,5,394,393,50,957,384,383,44,966,44,966,42,1012,0,0,0,0,0,0
326770,68806,6,,,华中科技大学,(武汉),,,8,7,1,本科,2020,文科,本科第一批次,,,,新闻传播学类,100326770,(新闻学、广播电视学、广告学),,,,四年,4500,√√√√,2332,050300,115,文学,新闻传播学类,,,,,,,106,343,5,0,0,5,5,,,,,90,339,5,0,0,1,1,1,1,1,A+,综合,湖北,公办院校,,,,,,,,,,,1,5202,AB+,04,220231264,(新闻学、广播电视学、广告学),0,5,5,396,394,51,851,388,384,45,876,45,876,43,934,42,898,0,0,0,0
326771,68806,6,,,华中科技大学,(武汉),,,8,7,1,本科,2020,文科,本科第一批次,,,,社会学类,100326771,(社会学、社会工作),,,,四年,4500,√√√√,2299,030300,107,法学,社会学类,,,,,,,109,343,2,0,0,2,2,,,,,108,339,2,0,0,1,1,1,1,1,A+,综合,湖北,公办院校,,,,,,,,,,,1,5202,AB+,05,220231266,(社会学、社会工作),0,2,2,393,393,50,957,384,383,44,966,44,966,42,1012,42,898,0,0,0,0
326772,68806,6,,,华中科技大学,(武汉),,,8,7,1,本科,2020,文科,本科第一批次,,,,法学,100326772,,,,,四年,4500,√√√√,2293,030101,105,法学,法学类,,,,,,,109,343,2,0,0,2,2,,,,,108,339,2,0,0,1,1,1,1,1,A+,综合,湖北,公办院校,,,,,,,,,,,1,5202,AB+,06,110231271,,0,2,2,393,393,50,957,385,383,44,966,44,966,43,934,41,972,27,1077,27,1324
326773,68806,6,,,华中科技大学,(武汉),,,8,7,1,本科,2020,文科,本科第一批次,,,,公共管理类,100326773,,,,,四年,4500,√√√√,2527,120400,180,管理学,公共管理类,,,,,,,109,343,3,0,0,2,2,,,,,90,339,2,0,0,1,1,1,1,1,A+,综合,湖北,公办院校,,,,,,,,,,,1,5202,AB+,07,910291984,,1,3,3,395,393,50,957,384,384,45,876,45,876,42,1012,0,0,0,0,0,0
326774,68806,6,,,华中科技大学,(武汉),,,8,7,1,本科,2020,文科,本科第一批次,,,,外国语言文学类,0,(只招英语或日语或德语或法语考生),,,,四年,4500,√√√√,2331,050200,114,文学,外国语言文学类,,,,,,,109,343,6,0,0,0,0,,,,,0,0,0,0,0,1,1,1,1,1,A+,综合,湖北,公办院校,,,,,,,,,,,1,5202,AB+,08,0,(只招英语或日语或德语或法语考生),36077,5,6,393,392,49,1066,0,0,0,0,0,0,0,0,0,0,0,0,0,0
325936,67579,7,,,上海交通大学,,,,8,8,1,本科,2020,文科,本科第一批次,,,,经济管理试验班,200325936,(含金融学等专业)(含双学士学位),,,,四年,6500,√√√√,0,,0,,,,,,,,,13,343,2,0,0,2,2,,,,,5,339,2,0,0,1,1,1,1,1,A+,综合,上海,公办院校,,,,,,,,,,,1,2103,AA,01,930291052,(含金融学等专业)(含双学士学位),0,2,2,415,413,70,68,411,410,71,21,71,21,60,114,0,0,0,0,0,0
326756,68802,8,,,武汉大学,,,,8,7,1,本科,2020,文科,本科第一批次,,,,中国语言文学类,100326756,,,,,四年,4500,√√√√,2328,050100,113,文学,中国语言文学类,,,,,,,44,343,5,0,0,3,3,,,,,63,339,3,0,0,1,1,1,1,1,A+,综合,湖北,公办院校,,,,,,,,,,,1,5201,AB+,02,310231210,,1,4,5,403,401,58,392,393,389,50,512,50,512,49,507,49,443,35,425,37,496
326757,68802,8,,,武汉大学,,,,8,7,1,本科,2020,文科,本科第一批次,,,,历史学类,100326757,,,,,四年,4500,√√√√,2335,060100,116,历史学,历史学类,,,,,,,75,343,6,0,0,3,3,,,,,63,339,3,0,0,1,1,1,1,1,A+,综合,湖北,公办院校,,,,,,,,,,,1,5201,AB+,03,310231209,,1,4,6,401,400,57,436,392,389,50,512,50,512,49,507,48,489,33,540,36,561
326758,68802,8,,,武汉大学,,,,8,7,1,本科,2020,文科,本科第一批次,,,,外国语言文学类,100326758,,,,,四年,4500,√√√√,2331,050200,114,文学,外国语言文学类,,,,,,,75,343,4,0,0,4,4,,,,,63,339,4,0,0,1,1,1,1,1,A+,综合,湖北,公办院校,,,,,,,,,,,1,5201,AB+,04,910291968,,0,4,4,402,400,57,436,398,389,50,512,50,512,49,507,0,0,0,0,0,0
326759,68802,8,,,武汉大学,,,,8,7,1,本科,2020,文科,本科第一批次,,,,新闻传播学类,100326759,,,,,四年,5850,√√√√,2332,050300,115,文学,新闻传播学类,,,,,,,48,343,3,0,0,4,5,,,,,60,339,5,0,0,1,1,1,1,1,A+,综合,湖北,公办院校,,,,,,,,,,,1,5201,AB+,05,310231205,,-1,3,3,403,402,59,344,391,390,51,452,51,452,50,450,50,398,35,425,37,496
326760,68802,8,,,武汉大学,,,,8,7,1,本科,2020,文科,本科第一批次,,,,经济学类,100326760,,,,,四年,5850,√√√√,2279,020100,101,经济学,经济学类,,,,,,,48,343,3,0,0,4,4,,,,,40,339,4,0,0,1,1,1,1,1,A+,综合,湖北,公办院校,,,,,,,,,,,1,5201,AB+,06,310231218,,-1,3,3,406,403,60,296,400,392,53,361,53,361,54,277,52,324,35,425,44,238
326761,68802,8,,,武汉大学,,,,8,7,1,本科,2020,文科,本科第一批次,,,,法学,100326761,,,,,四年,5850,√√√√,2293,030101,105,法学,法学类,,,,,,,30,343,4,0,0,3,3,,,,,16,339,3,0,0,1,1,1,1,1,A+,综合,湖北,公办院校,,,,,,,,,,,1,5201,AB+,07,110231216,,1,4,4,412,406,63,199,410,401,62,112,62,112,52,354,52,324,35,425,40,346
326762,68802,8,,,武汉大学,,,,8,7,1,本科,2020,文科,本科第一批次,,,,政治学类,100326762,,,,,四年,4500,√√√√,2296,030200,106,法学,政治学类,,,,,,,75,343,3,0,0,2,2,,,,,63,339,2,0,0,1,1,1,1,1,A+,综合,湖北,公办院校,,,,,,,,,,,1,5201,AB+,08,310231215,,2,4,3,401,400,57,436,389,389,50,512,50,512,49,507,48,489,33,540,0,0
326763,68802,8,,,武汉大学,,,,8,7,1,本科,2020,文科,本科第一批次,,,,社会学类,100326763,,,,,四年,4500,√√√√,2299,030300,107,法学,社会学类,,,,,,,75,343,4,0,0,3,4,,,,,63,339,4,0,0,1,1,1,1,1,A+,综合,湖北,公办院校,,,,,,,,,,,1,5201,AB+,09,310231212,,1,4,4,401,400,57,436,389,388,49,575,49,575,49,507,47,548,33,540,36,561
326764,68802,8,,,武汉大学,,,,8,7,1,本科,2020,文科,本科第一批次,,,,心理学,100326764,,,,,四年,4500,√√√√,140,071101,127,理学,心理学类,,,,,,,75,343,2,0,0,0,0,,,,,0,0,0,0,0,1,1,1,1,1,A+,综合,湖北,公办院校,,,,,,,,,,,1,5201,AB+,10,0,,36077,4,2,401,400,57,436,0,0,0,0,0,0,0,0,0,0,0,0,0,0
326765,68802,8,,,武汉大学,,,,8,7,1,本科,2020,文科,本科第一批次,,,,人文科学试验班,200326765,(弘毅学堂),,,,四年,4500,√√√√,0,,0,,,,,,,,,44,343,4,0,0,4,4,,,,,60,339,4,0,0,1,1,1,1,1,A+,综合,湖北,公办院校,,,,,,,,,,,1,5201,AB+,11,210231213,(弘毅学堂),0,4,4,402,401,58,392,390,390,51,452,51,452,49,507,50,398,35,425,0,0
326766,68802,8,,,武汉大学,,,,8,7,1,本科,2020,文科,本科第一批次,,,,文科试验班类,0,(弘毅学堂),,,,四年,4500,√√√√,0,,0,,,,,,,,,13,343,2,0,0,0,0,,,,,0,0,0,0,0,1,1,1,1,1,A+,综合,湖北,公办院校,,,,,,,,,,,1,5201,AB+,12,0,(弘毅学堂),36077,2,2,419,413,70,68,0,0,0,0,0,0,0,0,0,0,0,0,0,0
326681,68548,9,,,吉林大学,(长春),,,8,7,0,本科,2020,文科,本科第一批次,,,,哲学,100326681,,,,,四年,4180,√√√√,1,010101,100,哲学,哲学类,,,,,,,143,343,4,0,0,4,4,,,,,148,339,4,0,0,1,1,1,1,1,A+,综合,吉林,公办院校,,,,,,,,,,,1,4201,"历史A,另一门B+",01,210229297,,0,4,4,390,388,45,1551,379,377,38,1668,38,1668,36,1839,33,1942,24,1430,18,2747
326682,68548,9,,,吉林大学,(长春),,,8,7,0,本科,2020,文科,本科第一批次,,,,社会学类,100326682,(社会学、社会工作等3个专业),,,,四年,4180,√√√√,2299,030300,107,法学,社会学类,,,,,,,143,343,6,0,0,4,4,,,,,148,339,4,0,0,1,1,1,1,1,A+,综合,吉林,公办院校,,,,,,,,,,,1,4201,"历史A,另一门B+",02,910291892,(社会学、社会工作等3个专业),2,6,6,389,388,45,1551,379,377,38,1668,38,1668,38,1534,0,0,0,0,0,0
326683,68548,9,,,吉林大学,(长春),,,8,7,0,本科,2020,文科,本科第一批次,,,,人文科学试验班,0,(汉语言文学、历史),,,,四年,4180,√√√√,0,,0,,,,,,,,,130,343,2,0,0,0,0,,,,,0,0,0,0,0,1,1,1,1,1,A+,综合,吉林,公办院校,,,,,,,,,,,1,4201,"历史A,另一门B+",03,0,(汉语言文学、历史),36077,2,2,395,390,47,1300,0,0,0,0,0,0,0,0,0,0,0,0,0,0
326684,68548,9,,,吉林大学,(长春),,,8,7,0,本科,2020,文科,本科第一批次,,,,汉语言文学,100326684,,,,,四年,4180,√√√√,40,050101,113,文学,中国语言文学类,,,,,,,130,343,2,0,0,2,2,,,,,141,339,2,0,0,1,1,1,1,1,A+,综合,吉林,公办院校,,,,,,,,,,,1,4201,"历史A,另一门B+",04,210229298,,0,2,2,390,390,47,1300,378,378,39,1527,39,1527,38,1534,35,1595,23,1598,21,2189
326685,68548,9,,,吉林大学,(长春),,,8,7,0,本科,2020,文科,本科第一批次,,,,考古学,100326685,,,,,四年,4180,√√√√,114,060103,116,历史学,历史学类,,,,,,,143,343,4,0,0,4,4,,,,,159,339,4,0,0,1,1,1,1,1,A+,综合,吉林,公办院校,,,,,,,,,,,1,4201,"历史A,另一门B+",05,220100958,,0,4,4,390,388,45,1551,382,376,37,1816,37,1816,36,1839,0,0,0,0,0,0
326686,68548,9,,,吉林大学,(长春),,,8,7,0,本科,2020,文科,本科第一批次,,,,新闻传播学类,100326686,(新闻学、广告学),,,,四年,6550,√√√√,2332,050300,115,文学,新闻传播学类,,,,,,,121,343,5,0,0,5,5,,,,,148,339,5,0,0,1,1,1,1,1,A+,综合,吉林,公办院校,,,,,,,,,,,1,4201,"历史A,另一门B+",06,910291895,(新闻学、广告学),0,5,5,389,389,46,1430,380,377,38,1668,38,1668,37,1670,0,0,0,0,0,0
326687,68548,9,,,吉林大学,(长春),,,8,7,0,本科,2020,文科,本科第一批次,,,,西班牙语,100326687,(只招英语考生)(口),,,,四年,5390,√√√√,49,050205,114,文学,外国语言文学类,,,,,,,143,343,4,0,0,4,4,,,,,121,339,4,0,0,1,1,1,1,1,A+,综合,吉林,公办院校,,,,,,,,,,,1,4201,"历史A,另一门B+",07,210229305,(只招英语考生)(口),0,4,4,390,388,45,1551,382,379,40,1406,40,1406,37,1670,34,1756,24,1430,0,0
326688,68548,9,,,吉林大学,(长春),,,8,7,0,本科,2020,文科,本科第一批次,,,,经济学类,100326688,(经济学等4个专业),,,,四年,4950,√√√√,2279,020100,101,经济学,经济学类,,,,,,,125,343,4,0,0,4,4,,,,,122,339,4,0,0,1,1,1,1,1,A+,综合,吉林,公办院校,,,,,,,,,,,1,4201,"历史A,另一门B+",08,910291897,(经济学等4个专业),0,4,4,393,391,48,1175,381,380,41,1284,41,1284,39,1393,0,0,0,0,0,0
326689,68548,9,,,吉林大学,(长春),,,8,7,0,本科,2020,文科,本科第一批次,,,,法学,100326689,,,,,四年,4950,√√√√,2293,030101,105,法学,法学类,,,,,,,106,343,2,0,0,2,2,,,,,72,339,2,0,0,1,1,1,1,1,A+,综合,吉林,公办院校,,,,,,,,,,,1,4201,"历史A,另一门B+",09,210229304,,0,2,2,396,394,51,851,385,385,46,804,46,804,40,1260,38,1261,24,1430,0,0
326690,68548,9,,,吉林大学,(长春),,,8,7,0,本科,2020,文科,本科第一批次,,,,政治学与行政学,100326690,,,,,四年,4180,√√√√,15,030201,106,法学,政治学类,,,,,,,121,343,2,0,0,3,3,,,,,148,339,3,0,0,1,1,1,1,1,A+,综合,吉林,公办院校,,,,,,,,,,,1,4201,"历史A,另一门B+",10,910291900,,-1,2,2,392,389,46,1430,378,377,38,1668,38,1668,38,1534,0,0,0,0,0,0
326691,68548,9,,,吉林大学,(长春),,,8,7,0,本科,2020,文科,本科第一批次,,,,外交学,100326691,,,,,四年,4180,√√√√,17,030203,106,法学,政治学类,,,,,,,165,343,4,0,0,2,2,,,,,121,339,2,0,0,1,1,1,1,1,A+,综合,吉林,公办院校,,,,,,,,,,,1,4201,"历史A,另一门B+",11,210229301,,2,4,4,389,387,44,1694,379,379,40,1406,40,1406,37,1670,36,1475,23,1598,23,1882
326954,69037,10,,,中山大学,(广州),,,8,8,1,本科,2020,文科,本科第一批次,,,,汉语言文学,100326954,,,,,四年,6060,√√√√,40,050101,113,文学,中国语言文学类,,,,,,,72,343,2,0,0,2,2,,,,,90,339,2,0,0,1,1,1,1,1,A+,综合,广东,公办院校,,,,,,,,,,,1,5401,AA,01,310233465,,0,2,2,397,397,54,620,387,387,48,638,48,638,47,640,45,670,30,785,32,836
326955,69037,10,,,中山大学,(广州),,,8,8,1,本科,2020,文科,本科第一批次,,,,历史学,100326955,,,,,四年,6060,√√√√,112,060101,116,历史学,历史学类,,,,,,,69,343,2,0,0,2,2,,,,,76,339,2,0,0,1,1,1,1,1,A+,综合,广东,公办院校,,,,,,,,,,,1,5401,AA,02,310233464,,0,2,2,397,396,53,692,387,386,47,728,47,728,45,772,45,670,30,785,32,836
326956,69037,10,,,中山大学,(广州),,,8,8,1,本科,2020,文科,本科第一批次,,,,哲学类,100326956,(哲学、逻辑学),,,,四年,6060,√√√√,3035,010100,100,哲学,哲学类,,,,,,,69,343,2,0,0,2,2,,,,,63,339,2,0,0,1,1,1,1,1,A+,综合,广东,公办院校,,,,,,,,,,,1,5401,AA,03,120326956,(哲学、逻辑学),0,2,2,402,396,53,692,390,388,49,575,49,575,0,0,0,0,0,0,0,0
326957,69037,10,,,中山大学,(广州),,,8,8,1,本科,2020,文科,本科第一批次,,,,社会学类,100326957,(人类学、社会学等3个专业),,,,四年,6060,√√√√,2299,030300,107,法学,社会学类,,,,,,,55,343,2,0,0,2,2,,,,,90,339,2,0,0,1,1,1,1,1,A+,综合,广东,公办院校,,,,,,,,,,,1,5401,AA,04,120326957,(人类学、社会学等3个专业),0,2,2,399,398,55,565,387,387,48,638,48,638,0,0,0,0,0,0,0,0
326958,69037,10,,,中山大学,(广州),,,8,8,1,本科,2020,文科,本科第一批次,,,,经济学类,100326958,(经济学等4个专业),,,,四年,6060,√√√√,2279,020100,101,经济学,经济学类,,,,,,,54,343,2,0,0,0,0,,,,,0,0,0,0,0,1,1,1,1,1,A+,综合,广东,公办院校,,,,,,,,,,,1,5401,AA,05,0,(经济学等4个专业),36077,2,2,400,399,56,511,0,0,0,0,0,0,0,0,0,0,0,0,0,0
326959,69037,10,,,中山大学,(广州),,,8,8,1,本科,2020,文科,本科第一批次,,,,外国语言文学类,200326959,(英语、德语、法语、日语),,,,四年,6850,√√√√,2331,050200,114,文学,外国语言文学类,,,,,,,72,343,3,0,0,4,4,,,,,76,339,4,0,0,1,1,1,1,1,A+,综合,广东,公办院校,,,,,,,,,,,1,5401,AA,06,120326959,(英语、德语、法语、日语),-1,3,3,398,397,54,620,387,386,47,728,47,728,0,0,0,0,0,0,0,0
326960,69037,10,,,中山大学,(广州),,,8,8,1,本科,2020,文科,本科第一批次,,,,法学,100326960,(广州校区东校园),,,,四年,6060,√√√√,2293,030101,105,法学,法学类,,,,,,,72,343,2,0,0,2,2,,,,,63,339,2,0,0,1,1,1,1,1,A+,综合,广东,公办院校,,,,,,,,,,,1,5401,AA,07,310233459,(广州校区东校园),0,2,2,397,397,54,620,389,389,50,512,50,512,46,686,46,602,32,617,32,836
326961,69037,10,,,中山大学,(广州),,,8,8,1,本科,2020,文科,本科第一批次,,,,公共管理类,100326961,(行政管理等2个专业)(广州校区东校园),,,,四年,6060,√√√√,2527,120400,180,管理学,公共管理类,,,,,,,72,343,2,0,0,2,2,,,,,90,339,2,0,0,1,1,1,1,1,A+,综合,广东,公办院校,,,,,,,,,,,1,5401,AA,08,120326961,(行政管理等2个专业)(广州校区东校园),0,2,2,399,397,54,620,387,387,48,638,48,638,0,0,0,0,0,0,0,0
326962,69037,10,,,中山大学,(广州),,,8,8,1,本科,2020,文科,本科第一批次,,,,工商管理类,100326962,(工商管理、会计学)(广州校区东校园),,,,四年,6060,√√√√,2519,120200,178,管理学,工商管理类,,,,,,,55,343,2,0,0,2,2,,,,,63,339,2,0,0,1,1,1,1,1,A+,综合,广东,公办院校,,,,,,,,,,,1,5401,AA,09,930292195,(工商管理、会计学)(广州校区东校园),0,2,2,400,398,55,565,389,389,50,512,50,512,45,772,0,0,0,0,0,0
326963,69037,10,,,中山大学,(广州),,,8,8,1,本科,2020,文科,本科第一批次,,,,新闻传播学类,100326963,(新闻学、传播学)(广州校区东校园),,,,四年,6060,√√√√,2332,050300,115,文学,新闻传播学类,,,,,,,72,343,1,0,0,1,1,,,,,76,339,1,0,0,1,1,1,1,1,A+,综合,广东,公办院校,,,,,,,,,,,1,5401,AA,10,120326963,(新闻学、传播学)(广州校区东校园),0,1,1,397,397,54,620,386,386,47,728,47,728,0,0,0,0,0,0,0,0
326964,69037,10,,,中山大学,(广州),,,8,8,1,本科,2020,文科,本科第一批次,,,,经济学类,100326964,(经济学等4个专业)(珠海校区),,,,四年,6060,√√√√,2279,020100,101,经济学,经济学类,,,,,,,72,343,2,0,0,0,0,,,,,0,0,0,0,0,1,1,1,1,1,A+,综合,广东,公办院校,,,,,,,,,,,1,5401,AA,11,0,(经济学等4个专业)(珠海校区),36077,2,2,397,397,54,620,0,0,0,0,0,0,0,0,0,0,0,0,0,0
326965,69037,10,,,中山大学,(广州),,,8,8,1,本科,2020,文科,本科第一批次,,,,国际政治,100326965,(珠海校区),,,,四年,6060,√√√√,16,030202,106,法学,政治学类,,,,,,,69,343,2,0,0,2,2,,,,,90,339,2,0,0,1,1,1,1,1,A+,综合,广东,公办院校,,,,,,,,,,,1,5401,AA,12,310233466,(珠海校区),0,2,2,397,396,53,692,389,387,48,638,48,638,45,772,45,670,30,785,33,754
326966,69037,10,,,中山大学,(广州),,,8,8,1,本科,2020,文科,本科第一批次,,,,旅游管理类,100326966,(旅游管理、会展经济与管理)(珠海校区),,,,四年,6060,√√√√,2540,120900,185,管理学,旅游管理类,,,,,,,72,343,3,0,0,3,3,,,,,76,339,3,0,0,1,1,1,1,1,A+,综合,广东,公办院校,,,,,,,,,,,1,5401,AA,13,930292200,(旅游管理、会展经济与管理)(珠海校区),0,3,3,397,397,54,620,386,386,47,728,47,728,45,772,0,0,0,0,0,0
327039,69173,12,,,四川大学,(成都),,,8,8,1,本科,2020,文科,本科第一批次,,,,经济学类,200327039,(经济学、国民经济管理等4个专    业),,,,四年,4440,√√√√,2279,020100,101,经济学,经济学类,,,,,,,109,343,5,0,0,5,5,,,,,90,339,5,0,0,1,1,1,1,1,A+,综合,四川,公办院校,,,,,,,,,,,1,6101,AA,01,310234422,(经济学、国民经济管理等4个专    业),0,5,5,395,393,50,957,385,384,45,876,45,876,42,1012,43,814,29,864,31,923
327040,69173,12,,,四川大学,(成都),,,8,8,1,本科,2020,文科,本科第一批次,,,,国际政治,100327040,,,,,四年,4440,√√√√,16,030202,106,法学,政治学类,,,,,,,109,343,3,0,0,2,2,,,,,108,339,2,0,0,1,1,1,1,1,A+,综合,四川,公办院校,,,,,,,,,,,1,6101,AA,02,220234421,,1,3,3,397,393,50,957,384,383,44,966,44,966,41,1131,41,972,0,0,0,0
327041,69173,12,,,四川大学,(成都),,,8,8,1,本科,2020,文科,本科第一批次,,,,法学,100327041,,,,,四年,4440,√√√√,2293,030101,105,法学,法学类,,,,,,,109,343,6,0,0,6,6,,,,,108,339,6,0,0,1,1,1,1,1,A+,综合,四川,公办院校,,,,,,,,,,,1,6101,AA,03,110234425,,0,6,6,396,393,50,957,385,383,44,966,44,966,42,1012,41,972,26,1197,27,1324
327042,69173,12,,,四川大学,(成都),,,8,8,1,本科,2020,文科,本科第一批次,,,,中国语言文学类,200327042,(汉语言文学、汉语国际教育),,,,四年,4440,√√√√,2328,050100,113,文学,中国语言文学类,,,,,,,106,343,2,0,0,2,2,,,,,108,339,2,0,0,1,1,1,1,1,A+,综合,四川,公办院校,,,,,,,,,,,1,6101,AA,04,210234429,(汉语言文学、汉语国际教育),0,2,2,395,394,51,851,384,383,44,966,44,966,44,848,43,814,27,1077,27,1324
327043,69173,12,,,四川大学,(成都),,,8,8,1,本科,2020,文科,本科第一批次,,,,新闻传播学类,200327043,(新闻学、广告学、网络与新媒体),,,,四年,4440,√√√√,2332,050300,115,文学,新闻传播学类,,,,,,,109,343,7,0,0,2,2,,,,,90,339,2,0,0,1,1,1,1,1,A+,综合,四川,公办院校,,,,,,,,,,,1,6101,AA,05,310177668,(新闻学、广告学、网络与新媒体),5,7,7,395,393,50,957,384,384,45,876,45,876,0,0,0,0,27,1077,27,1324
327044,69173,12,,,四川大学,(成都),,,8,8,1,本科,2020,文科,本科第一批次,,,,英语,100327044,(只招英语考生),,,,四年,4440,√√√√,45,050201,114,文学,外国语言文学类,,,,,,,109,343,3,0,0,3,3,,,,,108,339,3,0,0,1,1,1,1,1,A+,综合,四川,公办院校,,,,,,,,,,,1,6101,AA,06,310177667,(只招英语考生),0,3,3,395,393,50,957,384,383,44,966,44,966,0,0,0,0,28,958,27,1324
327045,69173,12,,,四川大学,(成都),,,8,8,1,本科,2020,文科,本科第一批次,,,,日语,100327045,(只招英语或日语考生),,,,四年,4440,√√√√,51,050207,114,文学,外国语言文学类,,,,,,,106,343,2,0,0,2,2,,,,,108,339,2,0,0,1,1,1,1,1,A+,综合,四川,公办院校,,,,,,,,,,,1,6101,AA,07,310234428,(只招英语或日语考生),0,2,2,395,394,51,851,383,383,44,966,44,966,43,934,41,972,26,1197,27,1324
327046,69173,12,,,四川大学,(成都),,,8,8,1,本科,2020,文科,本科第一批次,,,,西班牙语,100327046,(只招英语或西班牙语考生),,,,四年,4440,√√√√,49,050205,114,文学,外国语言文学类,,,,,,,106,343,2,0,0,2,2,,,,,108,339,2,0,0,1,1,1,1,1,A+,综合,四川,公办院校,,,,,,,,,,,1,6101,AA,08,310234426,(只招英语或西班牙语考生),0,2,2,394,394,51,851,384,383,44,966,44,966,42,1012,42,898,26,1197,28,1207
327047,69173,12,,,四川大学,(成都),,,8,8,1,本科,2020,文科,本科第一批次,,,,旅游管理类,200327047,(旅游管理、会展经济与管理),,,,四年,4440,√√√√,2540,120900,185,管理学,旅游管理类,,,,,,,109,343,3,0,0,3,3,,,,,108,339,3,0,0,1,1,1,1,1,A+,综合,四川,公办院校,,,,,,,,,,,1,6101,AA,09,210234424,(旅游管理、会展经济与管理),0,3,3,393,393,50,957,387,383,44,966,44,966,42,1012,41,972,28,958,27,1324
327048,69173,12,,,四川大学,(成都),,,8,8,1,本科,2020,文科,本科第一批次,,,,会计学,200327048,(ACCA)(望江校区)(需另缴ACCA专项培训费7600元/年，详见院校招生章程),,,,四年,4440,√√√√,2521,120203,178,管理学,工商管理类,,,,,,,109,343,2,0,0,2,3,,,,,108,339,3,0,0,1,1,1,1,1,A+,综合,四川,公办院校,,,,,,,,,,,1,6101,AA,10,930292301,(ACCA)(望江校区)(需另缴ACCA专项培训费7600元/年，详见院校招生章程),0,2,2,394,393,50,957,384,383,44,966,44,966,42,1012,0,0,0,0,0,0
327049,69173,12,,,四川大学,(成都),,,8,8,1,本科,2020,文科,本科第一批次,,,,信息资源管理,100327049,,,,,四年,4440,√√√√,316,120503,181,管理学,图书情报与档案管理类,,,,,,,106,343,2,0,0,2,2,,,,,108,339,2,0,0,1,1,1,1,1,A+,综合,四川,公办院校,,,,,,,,,,,1,6101,AA,11,210177659,,0,2,2,395,394,51,851,385,383,44,966,44,966,0,0,0,0,27,1077,27,1324
327050,69173,12,,,四川大学,(成都),,,8,8,1,本科,2020,文科,本科第一批次,,,,马克思主义理论,100327050,,,,,四年,4440,√√√√,0,,0,,,,,,,,,90,343,1,0,0,1,1,,,,,108,339,1,0,0,1,1,1,1,1,A+,综合,四川,公办院校,,,,,,,,,,,1,6101,AA,12,120327050,,0,1,1,395,395,52,761,383,383,44,966,44,966,0,0,0,0,0,0,0,0
327051,69173,12,,,四川大学,(成都),,,8,8,1,本科,2020,文科,本科第一批次,,,,法学,0,(农村学生单独招生计划(即高校专项计划)，仅限户籍、学籍等符合报名条件，在当地就读且经公示无异议的考生报考),,,,四年,4440,√√√√,2293,030101,105,法学,法学类,,,,,,,0,343,0,0,0,0,0,,,,,0,0,0,0,0,1,1,1,1,1,A+,综合,四川,公办院校,,,,,,,,,,,0,6101,AA,13,0,(农村学生单独招生计划(即高校专项计划)，仅限户籍、学籍等符合报名条件，在当地就读且经公示无异议的考生报考),36077,1,0,0,0,0,0,0,0,0,0,0,0,0,0,0,0,0,0,0,0
326695,68623,13,,,哈尔滨工业大学,,,,8,8,1,本科,2020,文科,本科第一批次,,,,社会学,100326695,,,,,四年,4000,√√√√,18,030301,107,法学,社会学类,,,,,,,130,343,1,0,0,1,1,,,,,159,339,1,0,0,1,1,1,1,1,A+,工科,黑龙江,公办院校,,,,,,,,,,,1,4301,AA,01,210132199,,0,1,1,390,390,47,1300,376,376,37,1816,37,1816,0,0,0,0,0,0,21,2189
326696,68623,13,,,哈尔滨工业大学,,,,8,8,1,本科,2020,文科,本科第一批次,,,,法学,100326696,,,,,四年,4000,√√√√,2293,030101,105,法学,法学类,,,,,,,130,343,1,0,0,1,1,,,,,141,339,1,0,0,1,1,1,1,1,A+,工科,黑龙江,公办院校,,,,,,,,,,,1,4301,AA,02,110230116,,0,1,1,390,390,47,1300,378,378,39,1527,39,1527,39,1393,34,1756,21,1920,26,1440
326697,68623,13,,,哈尔滨工业大学,,,,8,8,1,本科,2020,文科,本科第一批次,,,,经济学,100326697,,,,,四年,4000,√√√√,4,020101,101,经济学,经济学类,,,,,,,130,343,1,0,0,1,1,,,,,102,339,1,0,0,1,1,1,1,1,A+,工科,黑龙江,公办院校,,,,,,,,,,,1,4301,AA,03,120326697,,0,1,1,390,390,47,1300,381,381,42,1182,42,1182,0,0,0,0,0,0,0,0
326698,68623,13,,,哈尔滨工业大学,,,,8,8,1,本科,2020,文科,本科第一批次,,,,英语,100326698,(只招英语考生),,,,四年,4000,√√√√,45,050201,114,文学,外国语言文学类,,,,,,,148,343,2,0,0,1,1,,,,,148,339,1,0,0,1,1,1,1,1,A+,工科,黑龙江,公办院校,,,,,,,,,,,1,4301,AA,04,110230120,(只招英语考生),1,2,2,387,386,43,1859,377,377,38,1668,38,1668,40,1260,34,1756,23,1598,20,2374
326699,68623,13,,,哈尔滨工业大学,,,,8,8,1,本科,2020,文科,本科第一批次,,,,经济管理试验班,100326699,,,,,四年,5500,√√√√,0,,0,,,,,,,,,143,343,4,0,0,1,1,,,,,108,339,1,0,0,1,1,1,1,1,A+,工科,黑龙江,公办院校,,,,,,,,,,,1,4301,AA,05,120326699,,3,4,4,390,388,45,1551,382,382,43,1074,43,1074,0,0,0,0,0,0,0,0
326700,68623,13,,,哈尔滨工业大学,,,,8,8,1,本科,2020,文科,本科第一批次,,,,设计学类,200326700,(环境设计、数字媒体艺术),,,,四年,5500,√√√√,2550,130500,190,艺术学,设计学类,,,,,,,165,343,3,0,0,3,3,,,,,141,339,3,0,0,1,1,1,1,1,A+,工科,黑龙江,公办院校,,,,,,,,,,,1,4301,AA,06,120326700,(环境设计、数字媒体艺术),0,3,3,388,387,44,1694,379,378,39,1527,39,1527,0,0,0,0,0,0,0,0
327179,69384,14,,,西安交通大学,,,,8,6,0,本科,2020,文科,本科第一批次,,,,外国语言文学类,100327179,(兴庆校区),,,,四年,3850,√√√√,2331,050200,114,文学,外国语言文学类,,,,,,,109,343,2,0,0,2,3,,,,,273,339,3,0,0,1,1,1,1,1,A+,综合,陕西,公办院校,,,,,,,,,,,1,7104,"历史A,另一门B",02,910292445,(兴庆校区),0,2,2,393,392,49,1066,375,369,30,3201,30,3201,44,848,0,0,0,0,0,0
327180,69384,14,,,西安交通大学,,,,8,6,0,本科,2020,文科,本科第一批次,,,,文科试验班类,200327180,(兴庆校区)(农村学生单独招生计划(即高校专项计划)，仅限户籍、学籍等符合报名条件，在当地就读且经公示无异议的考生报考),,,,四年,待定,√√√√,0,,0,,,,,,,,,0,343,0,0,0,0,0,,,,,0,0,0,0,0,1,1,1,1,1,A+,综合,陕西,公办院校,,,,,,,,,,,1,7104,"历史A,另一门B",03,0,(兴庆校区)(农村学生单独招生计划(即高校专项计划)，仅限户籍、学籍等符合报名条件，在当地就读且经公示无异议的考生报考),36077,1,0,0,0,0,0,0,0,0,0,0,0,0,0,0,0,0,0,0,0
326330,68024,15,,,山东大学,(济南),,,8,8,1,本科,2020,文科,本科第一批次,,,,哲学类,100326330,,,,,四年,5000,√√√√,3035,010100,100,哲学,哲学类,,,,,,,109,343,2,0,0,2,2,,,,,102,339,2,0,0,1,1,1,1,1,A+,综合,山东,公办院校,,,,,,,,,,,1,2601,AA,01,110224526,,0,2,2,393,392,49,1066,381,381,42,1182,42,1182,40,1260,40,1068,29,864,27,1324
326331,68024,15,,,山东大学,(济南),,,8,8,1,本科,2020,文科,本科第一批次,,,,社会学类,100326331,,,,,四年,5000,√√√√,2299,030300,107,法学,社会学类,,,,,,,109,343,2,0,0,3,3,,,,,108,339,3,0,0,1,1,1,1,1,A+,综合,山东,公办院校,,,,,,,,,,,1,2601,AA,02,110224525,,-1,2,2,393,392,49,1066,382,382,43,1074,43,1074,41,1131,39,1169,27,1077,25,1593
326332,68024,15,,,山东大学,(济南),,,8,8,1,本科,2020,文科,本科第一批次,,,,经济学类,100326332,,,,,四年,5800,√√√√,2279,020100,101,经济学,经济学类,,,,,,,106,343,4,0,0,4,4,,,,,90,339,4,0,0,1,1,1,1,1,A+,综合,山东,公办院校,,,,,,,,,,,1,2601,AA,03,110224524,,0,4,4,396,394,51,851,386,384,45,876,45,876,44,848,42,898,30,785,29,1104
326333,68024,15,,,山东大学,(济南),,,8,8,1,本科,2020,文科,本科第一批次,,,,政治学类,100326333,(青岛校区),,,,四年,5000,√√√√,2296,030200,106,法学,政治学类,,,,,,,109,343,2,0,0,2,2,,,,,102,339,2,0,0,1,1,1,1,1,A+,综合,山东,公办院校,,,,,,,,,,,1,2601,AA,04,310224523,(青岛校区),0,2,2,393,392,49,1066,382,381,42,1182,42,1182,40,1260,40,1068,25,1314,24,1713
326334,68024,15,,,山东大学,(济南),,,8,8,1,本科,2020,文科,本科第一批次,,,,法学类,100326334,(青岛校区),,,,四年,5100,√√√√,2292,030100,105,法学,法学类,,,,,,,106,343,4,0,0,0,0,,,,,0,0,0,0,0,1,1,1,1,1,A+,综合,山东,公办院校,,,,,,,,,,,1,2601,AA,05,310224521,(青岛校区),36077,4,4,396,394,51,851,0,0,0,0,0,0,43,934,42,898,28,958,31,923
326335,68024,15,,,山东大学,(济南),,,8,8,1,本科,2020,文科,本科第一批次,,,,中国语言文学类,100326335,,,,,四年,5100,√√√√,2328,050100,113,文学,中国语言文学类,,,,,,,109,343,6,0,0,4,4,,,,,108,339,4,0,0,1,1,1,1,1,A+,综合,山东,公办院校,,,,,,,,,,,1,2601,AA,06,110224527,,2,6,6,396,393,50,957,387,383,44,966,44,966,42,1012,40,1068,30,785,30,1003
326336,68024,15,,,山东大学,(济南),,,8,8,1,本科,2020,文科,本科第一批次,,,,历史学类,100326336,,,,,四年,5000,√√√√,2335,060100,116,历史学,历史学类,,,,,,,109,343,4,0,0,4,4,,,,,102,339,4,0,0,1,1,1,1,1,A+,综合,山东,公办院校,,,,,,,,,,,1,2601,AA,07,110224533,,0,4,4,393,392,49,1066,385,381,42,1182,42,1182,40,1260,40,1068,25,1314,22,2023
326337,68024,15,,,山东大学,(济南),,,8,8,1,本科,2020,文科,本科第一批次,,,,工商管理类,100326337,,,,,四年,5800,√√√√,2519,120200,178,管理学,工商管理类,,,,,,,109,343,5,0,0,4,4,,,,,108,339,4,0,0,1,1,1,1,1,A+,综合,山东,公办院校,,,,,,,,,,,1,2601,AA,08,110224535,,0,4,5,394,393,50,957,384,382,43,1074,43,1074,41,1131,40,1068,29,864,29,1104
326338,68024,15,,,山东大学,(济南),,,8,8,1,本科,2020,文科,本科第一批次,,,,新闻传播学类,100326338,,,,,四年,5100,√√√√,2332,050300,115,文学,新闻传播学类,,,,,,,109,343,2,0,0,2,3,,,,,108,339,3,0,0,1,1,1,1,1,A+,综合,山东,公办院校,,,,,,,,,,,1,2601,AA,09,110224528,,0,2,2,393,393,50,957,383,383,44,966,44,966,41,1131,41,972,27,1077,29,1104
326339,68024,15,,,山东大学,(济南),,,8,8,1,本科,2020,文科,本科第一批次,,,,外国语言文学类,0,,,,,四年,5100,√√√√,2331,050200,114,文学,外国语言文学类,,,,,,,109,343,11,0,0,0,0,,,,,0,0,0,0,0,1,1,1,1,1,A+,综合,山东,公办院校,,,,,,,,,,,0,2601,AA,10,0,,36077,11,11,394,392,49,1066,0,0,0,0,0,0,0,0,0,0,0,0,0,0
326340,68024,15,,,山东大学,(济南),,,8,8,1,本科,2020,文科,本科第一批次,,,,外国语言文学类,200326340,(农村学生单独招生计划(即高校专项计划)，仅限户籍、学籍等符合报名条件，在当地就读且经公示无异议的考生报考),,,,四年,5100,√√√√,2331,050200,114,文学,外国语言文学类,,,,,,,142,343,0,0,0,0,0,,,,,0,0,0,0,0,1,1,1,1,1,A+,综合,山东,公办院校,,,,,,,,,,,1,2601,AA,11,0,(农村学生单独招生计划(即高校专项计划)，仅限户籍、学籍等符合报名条件，在当地就读且经公示无异议的考生报考),36077,1,0,385,385,42,2007,0,0,0,0,0,0,0,0,0,0,0,0,0,0
326341,68024,15,,,山东大学,(济南),,,8,8,1,本科,2020,文科,本科第一批次,,,,政治学类,200326341,(青岛校区)(农村学生单独招生计划(即高校专项计划)，仅限户籍、学籍等符合报名条件，在当地就读且经公示无异议的考生报考),,,,四年,5000,√√√√,2296,030200,106,法学,政治学类,,,,,,,178,343,0,0,0,0,0,,,,,0,0,0,0,0,1,1,1,1,1,A+,综合,山东,公办院校,,,,,,,,,,,1,2601,AA,12,0,(青岛校区)(农村学生单独招生计划(即高校专项计划)，仅限户籍、学籍等符合报名条件，在当地就读且经公示无异议的考生报考),36077,1,0,383,383,40,2305,0,0,0,0,0,0,0,0,0,0,0,0,0,0
326342,68024,15,,,山东大学,(济南),,,8,8,1,本科,2020,文科,本科第一批次,,,,历史学类,0,"(农村学生单独招生计划(即高校专项计划),仅限户籍、学籍等符合报名条件,在当地就读且经公示无异议的考生报考)",,,,四年,5000,√√√√,2335,060100,116,历史学,历史学类,,,,,,,142,343,0,0,0,0,0,,,,,0,0,0,0,0,1,1,1,1,1,A+,综合,山东,公办院校,,,,,,,,,,,0,2601,AA,13,0,"(农村学生单独招生计划(即高校专项计划),仅限户籍、学籍等符合报名条件,在当地就读且经公示无异议的考生报考)",36077,1,0,385,385,42,2007,0,0,0,0,0,0,0,0,0,0,0,0,0,0
326562,68283,16,,,天津大学,,,,0,0,1,本科,2020,文科,本科第一批次,,,,工商管理,200326562,(卫津路校区)(只招收该校高水平运动队入选考生),,,,四年,5200,√√√√,2520,120201,178,管理学,工商管理类,,,,,,,0,343,0,0,0,0,0,,,,,0,0,0,0,0,1,1,1,1,1,A+,工科,天津,公办院校,,,,,,,,,,,1,3202,,01,0,(卫津路校区)(只招收该校高水平运动队入选考生),36077,0,0,0,0,0,0,0,0,0,0,0,0,0,0,0,0,0,0,0,0
326868,68918,17,,,中南大学,(长沙),,,8,8,1,本科,2020,文科,本科第一批次,,,,金融学类,200326868,(含金融学等6个专业),,,,四年,5500,√√√√,2286,020300,103,经济学,金融学类,,,,,,,125,343,8,0,0,8,8,,,,,122,339,8,0,0,1,1,1,1,1,A+,综合,湖南,公办院校,,,,,,,,,,,1,5302,AA,01,930292099,(含金融学等6个专业),0,8,8,393,391,48,1175,382,380,41,1284,41,1284,38,1534,0,0,0,0,0,0
326869,68918,17,,,中南大学,(长沙),,,8,8,1,本科,2020,文科,本科第一批次,,,,法学类,100326869,(含法学等2个专业),,,,四年,5300,√√√√,2292,030100,105,法学,法学类,,,,,,,125,343,3,0,0,3,3,,,,,122,339,3,0,0,1,1,1,1,1,A+,综合,湖南,公办院校,,,,,,,,,,,1,5302,AA,02,120326869,(含法学等2个专业),0,3,3,392,391,48,1175,381,380,41,1284,41,1284,0,0,0,0,0,0,0,0
326870,68918,17,,,中南大学,(长沙),,,8,8,1,本科,2020,文科,本科第一批次,,,,中国语言文学类,100326870,(含汉语言文学等3个专业),,,,四年,5300,√√√√,2328,050100,113,文学,中国语言文学类,,,,,,,130,343,6,0,0,6,6,,,,,141,339,6,0,0,1,1,1,1,1,A+,综合,湖南,公办院校,,,,,,,,,,,1,5302,AA,03,120326870,(含汉语言文学等3个专业),0,6,6,391,390,47,1300,379,378,39,1527,39,1527,0,0,0,0,0,0,0,0
326871,68918,17,,,中南大学,(长沙),,,8,8,1,本科,2020,文科,本科第一批次,,,,外国语言文学类,200326871,(含英语等4个专业),,,,四年,5300,√√√√,2331,050200,114,文学,外国语言文学类,,,,,,,130,343,6,0,0,6,6,,,,,141,339,6,0,0,1,1,1,1,1,A+,综合,湖南,公办院校,,,,,,,,,,,1,5302,AA,04,930292102,(含英语等4个专业),0,6,6,391,390,47,1300,381,378,39,1527,39,1527,38,1534,0,0,0,0,0,0
326872,68918,17,,,中南大学,(长沙),,,8,8,1,本科,2020,文科,本科第一批次,,,,英语,200326872,(农村学生单独招生计划(即高校专项计划)，仅限户籍、学籍等符合报名条件，在当地就读且经公示无异议的考生报考),,,,四年,5300,√√√√,45,050201,114,文学,外国语言文学类,,,,,,,0,343,0,0,0,0,0,,,,,0,0,0,0,0,1,1,1,1,1,A+,综合,湖南,公办院校,,,,,,,,,,,1,5302,AA,05,0,(农村学生单独招生计划(即高校专项计划)，仅限户籍、学籍等符合报名条件，在当地就读且经公示无异议的考生报考),36077,1,0,0,0,0,0,0,0,0,0,0,0,0,0,0,0,0,0,0,0
326557,68280,19,,,南开大学,(天津),,,8,7,1,本科,2020,文科,本科第一批次,,,,经济学类,100326557,(八里台校区),,,,四年,5200,√√√√,2279,020100,101,经济学,经济学类,,,,,,,75,343,3,0,0,4,4,,,,,90,339,4,0,0,1,1,1,1,1,A+,综合,天津,公办院校,,,,,,,,,,,1,3201,AB+,02,220226885,(八里台校区),-1,3,3,401,400,57,436,390,387,48,638,48,638,49,507,49,443,0,0,0,0
326558,68280,19,,,南开大学,(天津),,,8,7,1,本科,2020,文科,本科第一批次,,,,金融学类,100326558,,,,,四年,5200,√√√√,2286,020300,103,经济学,金融学类,,,,,,,75,343,3,0,0,3,3,,,,,63,339,3,0,0,1,1,1,1,1,A+,综合,天津,公办院校,,,,,,,,,,,1,3201,AB+,03,210226881,,0,3,3,402,400,57,436,389,388,49,575,49,575,55,249,51,361,35,425,37,496
326559,68280,19,,,南开大学,(天津),,,8,7,1,本科,2020,文科,本科第一批次,,,,法学,100326559,,,,,四年,5200,√√√√,2293,030101,105,法学,法学类,,,,,,,72,343,7,0,0,3,3,,,,,90,339,3,0,0,1,1,1,1,1,A+,综合,天津,公办院校,,,,,,,,,,,1,3201,AB+,04,110226882,,2,5,7,399,397,54,620,388,387,48,638,48,638,48,583,49,443,33,540,35,621
326560,68280,19,,,南开大学,(天津),,,8,7,1,本科,2020,文科,本科第一批次,,,,历史学类,100326560,,,,,四年,5200,√√√√,2335,060100,116,历史学,历史学类,,,,,,,72,343,5,0,0,3,3,,,,,90,339,3,0,0,1,1,1,1,1,A+,综合,天津,公办院校,,,,,,,,,,,1,3201,AB+,05,210226890,,2,5,5,402,397,54,620,387,387,48,638,48,638,47,640,45,670,32,617,36,561
326561,68280,19,,,南开大学,(天津),,,8,7,1,本科,2020,文科,本科第一批次,,,,工商管理类,100326561,(八里台校区),,,,四年,5200,√√√√,2519,120200,178,管理学,工商管理类,,,,,,,72,343,7,0,0,3,4,,,,,90,339,4,0,0,1,1,1,1,1,A+,综合,天津,公办院校,,,,,,,,,,,1,3201,AB+,06,910291746,(八里台校区),3,6,7,400,397,54,620,388,387,48,638,48,638,47,640,0,0,0,0,0,0
326415,68158,20,,,北京师范大学,,,,8,7,1,本科,2020,文科,本科第一批次,,,,教育学类,0,(教育学、教育技术学、学前教    育、特殊教育)(试点学院),,,,四年,4800,√√××,2321,040100,111,教育学,教育学类,,,,,,,44,343,4,0,0,0,0,,,,,0,0,0,0,0,1,1,1,1,1,A+,师范,北京,公办院校,,,,,,,,,,,1,3104,AB+,01,0,(教育学、教育技术学、学前教    育、特殊教育)(试点学院),36077,4,4,406,401,58,392,0,0,0,0,0,0,0,0,0,0,0,0,0,0
326416,68158,20,,,北京师范大学,,,,8,7,1,本科,2020,文科,本科第一批次,,,,工商管理,100326416,,,,,四年,4800,√√××,2520,120201,178,管理学,工商管理类,,,,,,,44,343,3,0,0,2,1,,,,,63,339,1,0,0,1,1,1,1,1,A+,师范,北京,公办院校,,,,,,,,,,,1,3104,AB+,02,310225922,,0,2,3,401,401,58,392,389,389,50,512,50,512,48,583,46,602,32,617,34,691
326417,68158,20,,,北京师范大学,,,,8,7,1,本科,2020,文科,本科第一批次,,,,历史学,100326417,,,,,四年,4800,√√××,112,060101,116,历史学,历史学类,,,,,,,36,343,2,0,0,2,2,,,,,63,339,2,0,0,1,1,1,1,1,A+,师范,北京,公办院校,,,,,,,,,,,1,3104,AB+,03,120326417,,0,2,2,409,404,61,260,389,389,50,512,50,512,0,0,0,0,0,0,0,0
326418,68158,20,,,北京师范大学,,,,8,7,1,本科,2020,文科,本科第一批次,,,,汉语言文学,100326418,,,,,四年,4800,√√××,40,050101,113,文学,中国语言文学类,,,,,,,36,343,3,0,0,3,3,,,,,60,339,3,0,0,1,1,1,1,1,A+,师范,北京,公办院校,,,,,,,,,,,1,3104,AB+,04,310225921,,0,3,3,406,404,61,260,398,390,51,452,51,452,50,450,48,489,35,425,34,691
326419,68158,20,,,北京师范大学,,,,8,7,1,本科,2020,文科,本科第一批次,,,,传播学,100326419,,,,,四年,4800,√√××,110,050304,115,文学,新闻传播学类,,,,,,,44,343,2,0,0,2,3,,,,,63,339,3,0,0,1,1,1,1,1,A+,师范,北京,公办院校,,,,,,,,,,,1,3104,AB+,05,210225923,,0,2,2,402,401,58,392,390,389,50,512,50,512,48,583,47,548,32,617,34,691
326420,68158,20,,,北京师范大学,,,,8,7,1,本科,2020,文科,本科第一批次,,,,金融学,0,,,,,四年,5000,√√××,2287,020301,103,经济学,金融学类,,,,,,,44,343,2,0,0,0,0,,,,,0,0,0,0,0,1,1,1,1,1,A+,师范,北京,公办院校,,,,,,,,,,,1,3104,AB+,06,0,,36077,2,2,401,401,58,392,0,0,0,0,0,0,0,0,0,0,0,0,0,0
325452,67061,21,,,东南大学,(南京),,,8,6,0,本科,2020,文科,本科第一批次,,,,文科试验班类,0,(政治学与行政学、社会学、汉语言文学、旅游管理、哲学、国际经济与贸易、金融学、经济学、金融工程、法学、艺术史论),,,,四年,5720,√√√√,0,,0,,,,,,,,,69,343,38,0,0,0,0,,,,,0,0,0,0,0,1,1,1,1,1,A+,综合,江苏,公办院校,,,,,,,,,,,0,1102,"历史A,另一门B",04,0,(政治学与行政学、社会学、汉语言文学、旅游管理、哲学、国际经济与贸易、金融学、经济学、金融工程、法学、艺术史论),36077,38,38,402,396,53,692,0,0,0,0,0,0,0,0,0,0,0,0,0,0
325453,67061,21,,,东南大学,(南京),,,8,6,0,本科,2020,文科,本科第一批次,,,,文科试验班类,0,"(政治学与行政学、社会学、汉语言文学、旅游管理、哲学、国际经济与贸易、金融学、经济学、金融工程、法学、艺术史论)(农村学生单独招生计划(即高校专项计划),仅限户籍、学籍等符合报名条件,在当地就读且经公示无异议的考生报考)",,,,四年,5720,√√√√,0,,0,,,,,,,,,0,343,0,0,0,0,0,,,,,0,0,0,0,0,1,1,1,1,1,A+,综合,江苏,公办院校,,,,,,,,,,,0,1102,"历史A,另一门B",05,0,"(政治学与行政学、社会学、汉语言文学、旅游管理、哲学、国际经济与贸易、金融学、经济学、金融工程、法学、艺术史论)(农村学生单独招生计划(即高校专项计划),仅限户籍、学籍等符合报名条件,在当地就读且经公示无异议的考生报考)",36077,1,0,0,0,0,0,0,0,0,0,0,0,0,0,0,0,0,0,0,0
325454,67061,21,,,东南大学,(南京),,,8,6,0,本科,2020,文科,本科第一批次,,,,日语,100325454,(农村学生单独招生计划(即高校专项计划)，仅限户籍、学籍等符合报名条件，在当地就读且经公示无异议的考生报考),,,,四年,5200,√√√√,51,050207,114,文学,外国语言文学类,,,,,,,0,343,0,0,0,1,0,,,,,0,339,0,0,0,1,1,1,1,1,A+,综合,江苏,公办院校,,,,,,,,,,,1,1102,"历史A,另一门B",06,120325454,(农村学生单独招生计划(即高校专项计划)，仅限户籍、学籍等符合报名条件，在当地就读且经公示无异议的考生报考),0,1,0,0,0,0,0,0,0,0,0,0,0,0,0,0,0,0,0,0,0
326226,67887,22,,,厦门大学,,,,8,8,1,本科,2020,文科,本科第一批次,,,,人文科学试验班,100326226,,,,,四年,5460,√√√√,0,,0,,,,,,,,,55,343,3,0,0,3,3,,,,,90,339,3,0,0,1,1,1,1,1,A+,综合,福建,公办院校,,,,,,,,,,,1,2411,AA,05,310223290,,0,3,3,400,398,55,565,388,387,48,638,48,638,49,507,48,489,34,487,35,621
326227,67887,22,,,厦门大学,,,,8,8,1,本科,2020,文科,本科第一批次,,,,新闻传播学类,100326227,,,,,四年,5460,√√√√,2332,050300,115,文学,新闻传播学类,,,,,,,55,343,2,0,0,2,2,,,,,90,339,2,0,0,1,1,1,1,1,A+,综合,福建,公办院校,,,,,,,,,,,1,2411,AA,06,410223289,,0,2,2,399,398,55,565,389,387,48,638,48,638,49,507,48,489,34,487,0,0
326228,67887,22,,,厦门大学,,,,8,8,1,本科,2020,文科,本科第一批次,,,,外国语言文学类,0,(只招英语考生),,,,四年,5460,√√√√,2331,050200,114,文学,外国语言文学类,,,,,,,55,343,4,0,0,0,0,,,,,0,0,0,0,0,1,1,1,1,1,A+,综合,福建,公办院校,,,,,,,,,,,1,2411,AA,07,0,(只招英语考生),36077,4,4,402,398,55,565,0,0,0,0,0,0,0,0,0,0,0,0,0,0
326229,67887,22,,,厦门大学,,,,8,8,1,本科,2020,文科,本科第一批次,,,,法学类,100326229,,,,,四年,5460,√√√√,2292,030100,105,法学,法学类,,,,,,,75,343,2,0,0,1,1,,,,,60,339,1,0,0,1,1,1,1,1,A+,综合,福建,公办院校,,,,,,,,,,,1,2411,AA,08,310223286,,1,2,2,400,400,57,436,390,390,51,452,51,452,50,450,50,398,35,425,37,496
326230,67887,22,,,厦门大学,,,,8,8,1,本科,2020,文科,本科第一批次,,,,公共管理类,100326230,,,,,四年,5460,√√√√,2527,120400,180,管理学,公共管理类,,,,,,,55,343,2,0,0,1,1,,,,,90,339,1,0,0,1,1,1,1,1,A+,综合,福建,公办院校,,,,,,,,,,,1,2411,AA,09,210223287,,1,2,2,398,398,55,565,387,387,48,638,48,638,49,507,48,489,34,487,36,561
326231,67887,22,,,厦门大学,,,,8,8,1,本科,2020,文科,本科第一批次,,,,政治学类,100326231,,,,,四年,5460,√√√√,2296,030200,106,法学,政治学类,,,,,,,55,343,2,0,0,1,1,,,,,90,339,1,0,0,1,1,1,1,1,A+,综合,福建,公办院校,,,,,,,,,,,1,2411,AA,10,310223291,,1,2,2,398,398,55,565,387,387,48,638,48,638,49,507,47,548,34,487,35,621
326232,67887,22,,,厦门大学,,,,8,8,1,本科,2020,文科,本科第一批次,,,,经济学类,100326232,,,,,四年,5460,√√√√,2279,020100,101,经济学,经济学类,,,,,,,75,343,3,0,0,5,5,,,,,90,339,5,0,0,1,1,1,1,1,A+,综合,福建,公办院校,,,,,,,,,,,1,2411,AA,11,310223294,,-2,3,3,400,400,57,436,390,387,48,638,48,638,50,450,48,489,35,425,37,496
326233,67887,22,,,厦门大学,,,,8,8,1,本科,2020,文科,本科第一批次,,,,会计学,100326233,(报考该专业须查阅院校招生章程),,,,四年,5460,√√√√,2521,120203,178,管理学,工商管理类,,,,,,,44,343,2,0,0,2,2,,,,,63,339,2,0,0,1,1,1,1,1,A+,综合,福建,公办院校,,,,,,,,,,,1,2411,AA,12,610223293,(报考该专业须查阅院校招生章程),0,2,2,401,401,58,392,395,389,50,512,50,512,52,354,51,361,0,0,0,0
326234,67887,22,,,厦门大学,,,,8,8,1,本科,2020,文科,本科第一批次,,,,社会学类,100326234,,,,,四年,5460,√√√√,2299,030300,107,法学,社会学类,,,,,,,55,343,2,0,0,1,1,,,,,63,339,1,0,0,1,1,1,1,1,A+,综合,福建,公办院校,,,,,,,,,,,1,2411,AA,13,120326234,,1,2,2,398,398,55,565,388,388,49,575,49,575,0,0,0,0,0,0,0,0
326235,67887,22,,,厦门大学,,,,8,8,1,本科,2020,文科,本科第一批次,,,,新闻传播学类,100326235,(农村学生单独招生计划(即高校专项计划)，仅限户籍、学籍等符合报名条件，在当地就读且经公示无异议的考生报考),,,,四年,5460,√√√√,2332,050300,115,文学,新闻传播学类,,,,,,,0,343,0,0,0,1,0,,,,,0,339,0,0,0,1,1,1,1,1,A+,综合,福建,公办院校,,,,,,,,,,,1,2411,AA,14,410223292,(农村学生单独招生计划(即高校专项计划)，仅限户籍、学籍等符合报名条件，在当地就读且经公示无异议的考生报考),0,1,0,0,0,0,0,0,0,0,0,0,0,0,0,0,0,0,0,0,0
326425,68164,23,,,北京航空航天大学,,,,0,0,1,本科,2020,文科,本科第一批次,,,,工商管理,0,(学院路校区)(只招收该校高水平运动队入选考生),,,,四年,5000,√√√√,2520,120201,178,管理学,工商管理类,,,,,,,0,343,0,0,0,0,0,,,,,0,0,0,0,0,1,1,1,1,1,A+,工科,北京,公办院校,,,,,,,,,,,1,3106,,02,0,(学院路校区)(只招收该校高水平运动队入选考生),36077,0,0,0,0,0,0,0,0,0,0,0,0,0,0,0,0,0,0,0,0
325933,67574,24,,,同济大学,(上海),,,6,6,1,本科,2020,文科,本科第一批次,,,,人文科学试验班,200325933,,,,,四年,5000,√√√√,0,,0,,,,,,,,,54,343,11,0,0,11,11,,,,,44,339,11,0,0,1,1,1,1,1,A+,工科,上海,公办院校,,,,,,,,,,,1,2102,BB,01,120325933,,0,11,11,414,399,56,511,406,394,55,270,55,270,0,0,0,0,0,0,0,0
325934,67574,24,,,同济大学,(上海),,,6,6,1,本科,2020,文科,本科第一批次,,,,社会科学试验班,200325934,,,,,四年,5000,√√√√,0,,0,,,,,,,,,54,343,5,0,0,5,5,,,,,23,339,5,0,0,1,1,1,1,1,A+,工科,上海,公办院校,,,,,,,,,,,1,2102,BB,02,120325934,,0,5,5,403,399,56,511,408,397,58,191,58,191,0,0,0,0,0,0,0,0
325935,67574,24,,,同济大学,(上海),,,6,6,1,本科,2020,文科,本科第一批次,,,,工科试验班,200325935,(建筑规划景观与设计类)(其中建筑学、城乡规划专业为五年制，建筑学专业第二学年起学费为6000元/年),,,,四年,5000,√√√√,0,,0,,,,,,,,,0,343,1,0,0,1,1,,,,,7,339,1,0,0,1,1,1,1,1,A+,工科,上海,公办院校,,,,,,,,,,,1,2102,BB,03,120325935,(建筑规划景观与设计类)(其中建筑学、城乡规划专业为五年制，建筑学专业第二学年起学费为6000元/年),0,1,1,422,422,79,0,408,408,69,30,69,30,0,0,0,0,0,0,0,0
326967,69041,25,,,华南理工大学,(广州),,,8,6,1,本科,2020,文科,本科第一批次,,,,工商管理类,100326967,(工商管理、人力资源管理、市场营销、财务管理),,,,四年,6060,√√√√,2519,120200,178,管理学,工商管理类,,,,,,,90,343,2,0,0,2,2,,,,,108,339,2,0,0,1,1,1,1,1,A+,工科,广东,公办院校,,,,,,,,,,,1,5402,AB,01,120326967,(工商管理、人力资源管理、市场营销、财务管理),0,2,2,397,395,52,761,383,382,43,1074,43,1074,0,0,0,0,0,0,0,0
326968,69041,25,,,华南理工大学,(广州),,,8,6,1,本科,2020,文科,本科第一批次,,,,行政管理,100326968,,,,,四年,6060,√√√√,310,120402,180,管理学,公共管理类,,,,,,,109,343,2,0,0,2,2,,,,,122,339,2,0,0,1,1,1,1,1,A+,工科,广东,公办院校,,,,,,,,,,,1,5402,AB,02,210233497,,0,2,2,392,392,49,1066,380,380,41,1284,41,1284,40,1260,35,1595,16,2938,23,1882
326969,69041,25,,,华南理工大学,(广州),,,8,6,1,本科,2020,文科,本科第一批次,,,,日语,100326969,,,,,四年,6850,√√√√,51,050207,114,文学,外国语言文学类,,,,,,,109,343,1,0,0,1,1,,,,,102,339,1,0,0,1,1,1,1,1,A+,工科,广东,公办院校,,,,,,,,,,,1,5402,AB,03,220233496,,0,1,1,392,392,49,1066,381,381,42,1182,42,1182,41,1131,35,1595,0,0,0,0
326970,69041,25,,,华南理工大学,(广州),,,8,6,1,本科,2020,文科,本科第一批次,,,,新闻传播学类,100326970,(新闻学、传播学、广告学),,,,四年,6060,√√√√,2332,050300,115,文学,新闻传播学类,,,,,,,109,343,1,0,0,1,1,,,,,102,339,1,0,0,1,1,1,1,1,A+,工科,广东,公办院校,,,,,,,,,,,1,5402,AB,04,120326970,(新闻学、传播学、广告学),0,1,1,392,392,49,1066,381,381,42,1182,42,1182,0,0,0,0,0,0,0,0
326971,69041,25,,,华南理工大学,(广州),,,8,6,1,本科,2020,文科,本科第一批次,,,,法学类,100326971,(法学、知识产权),,,,四年,6060,√√√√,2292,030100,105,法学,法学类,,,,,,,109,343,2,0,0,2,2,,,,,122,339,2,0,0,1,1,1,1,1,A+,工科,广东,公办院校,,,,,,,,,,,1,5402,AB,05,120326971,(法学、知识产权),0,2,2,393,392,49,1066,381,380,41,1284,41,1284,0,0,0,0,0,0,0,0
326972,69041,25,,,华南理工大学,(广州),,,8,6,1,本科,2020,文科,本科第一批次,,,,经济学类,100326972,(经济学等3个专业),,,,四年,6060,√√√√,2279,020100,101,经济学,经济学类,,,,,,,109,343,2,0,0,2,2,,,,,102,339,2,0,0,1,1,1,1,1,A+,工科,广东,公办院校,,,,,,,,,,,1,5402,AB,06,120326972,(经济学等3个专业),0,2,2,392,392,49,1066,382,381,42,1182,42,1182,0,0,0,0,0,0,0,0
326973,69041,25,,,华南理工大学,(广州),,,8,6,1,本科,2020,文科,本科第一批次,,,,旅游管理类,100326973,(旅游管理、会展经济与管理),,,,四年,6060,√√√√,2540,120900,185,管理学,旅游管理类,,,,,,,109,343,1,0,0,1,1,,,,,122,339,1,0,0,1,1,1,1,1,A+,工科,广东,公办院校,,,,,,,,,,,1,5402,AB,07,120326973,(旅游管理、会展经济与管理),0,1,1,392,392,49,1066,380,380,41,1284,41,1284,0,0,0,0,0,0,0,0
326404,68148,26,,,中国人民大学,(北京),,,9,8,1,本科,2020,文科,本科第一批次,,,,社会科学试验班,100326404,(管理学科类),,,,四年,5000,√√√√,0,,0,,,,,,,,,25,343,1,0,0,2,3,,,,,22,339,3,0,0,1,1,1,1,1,A+,综合,北京,公办院校,,,,,,,,,,,1,3102,A+A,03,120326404,(管理学科类),-1,1,1,408,408,65,143,401,400,61,128,61,128,0,0,0,0,0,0,0,0
326405,68148,26,,,中国人民大学,(北京),,,9,8,1,本科,2020,文科,本科第一批次,,,,经济学类,100326405,,,,,四年,5000,√√√√,2279,020100,101,经济学,经济学类,,,,,,,11,343,5,0,0,4,4,,,,,15,339,4,0,0,1,1,1,1,1,A+,综合,北京,公办院校,,,,,,,,,,,1,3102,A+A,04,210225880,,1,5,5,415,410,67,112,404,402,63,97,63,97,58,154,59,135,46,85,45,203
326406,68148,26,,,中国人民大学,(北京),,,9,8,1,本科,2020,文科,本科第一批次,,,,新闻传播学类,100326406,,,,,四年,5000,√√√√,2332,050300,115,文学,新闻传播学类,,,,,,,25,343,3,0,0,3,3,,,,,22,339,3,0,0,1,1,1,1,1,A+,综合,北京,公办院校,,,,,,,,,,,1,3102,A+A,05,110225872,,0,3,3,412,408,65,143,402,400,61,128,61,128,60,114,59,135,44,114,48,139
326407,68148,26,,,中国人民大学,(北京),,,9,8,1,本科,2020,文科,本科第一批次,,,,工商管理类,100326407,,,,,四年,5000,√√√√,2519,120200,178,管理学,工商管理类,,,,,,,20,343,6,0,0,6,6,,,,,16,339,6,0,0,1,1,1,1,1,A+,综合,北京,公办院校,,,,,,,,,,,1,3102,A+A,06,110225876,,0,6,6,411,409,66,123,402,401,62,112,62,112,59,133,59,135,44,114,45,203
326408,68148,26,,,中国人民大学,(北京),,,9,8,1,本科,2020,文科,本科第一批次,,,,金融学类,100326408,,,,,四年,5000,√√√√,2286,020300,103,经济学,金融学类,,,,,,,18,343,4,0,0,4,4,,,,,15,339,4,0,0,1,1,1,1,1,A+,综合,北京,公办院校,,,,,,,,,,,1,3102,A+A,07,210225878,,0,4,4,413,411,68,94,406,403,64,82,64,82,62,85,66,57,48,61,40,346
326409,68148,26,,,中国人民大学,(北京),,,9,8,1,本科,2020,文科,本科第一批次,,,,法学,100326409,,,,,四年,5000,√√√√,2293,030101,105,法学,法学类,,,,,,,13,343,4,0,0,3,4,,,,,13,339,4,0,0,1,1,1,1,1,A+,综合,北京,公办院校,,,,,,,,,,,1,3102,A+A,08,110225873,,1,4,4,413,412,69,81,407,404,65,69,65,69,63,78,62,90,46,85,51,83
326410,68148,26,,,中国人民大学,(北京),,,9,8,1,本科,2020,文科,本科第一批次,,,,社会学类,100326410,,,,,四年,5000,√√√√,2299,030300,107,法学,社会学类,,,,,,,25,343,2,0,0,2,2,,,,,16,339,2,0,0,1,1,1,1,1,A+,综合,北京,公办院校,,,,,,,,,,,1,3102,A+A,09,210225879,,0,2,2,411,408,65,143,401,401,62,112,62,112,60,114,59,135,46,85,45,203
326411,68148,26,,,中国人民大学,(北京),,,9,8,1,本科,2020,文科,本科第一批次,,,,人力资源管理,100326411,,,,,四年,5000,√√√√,302,120206,178,管理学,工商管理类,,,,,,,20,343,1,0,0,0,0,,,,,0,0,0,0,0,1,1,1,1,1,A+,综合,北京,公办院校,,,,,,,,,,,1,3102,A+A,10,210225882,,36077,1,1,409,409,66,123,0,0,0,0,0,0,59,133,59,135,43,138,47,156
326412,68148,26,,,中国人民大学,(北京),,,9,8,1,本科,2020,文科,本科第一批次,,,,人文科学试验班,200326412,(农村学生单独招生计划(即高校专项计划)，仅限户籍、学籍等符合报名条件，在当地就读且经公示无异议的考生报考),,,,四年,5000,√√√√,0,,0,,,,,,,,,31,343,0,0,0,4,3,,,,,22,339,3,0,0,1,1,1,1,1,A+,综合,北京,公办院校,,,,,,,,,,,1,3102,A+A,11,310225881,(农村学生单独招生计划(即高校专项计划)，仅限户籍、学籍等符合报名条件，在当地就读且经公示无异议的考生报考),-3,1,0,411,407,64,168,402,400,61,128,61,128,58,154,59,135,44,114,41,305
326650,68508,27,,,大连理工大学,,,,8,6,1,本科,2020,文科,本科第一批次,,,,新闻传播学类,200326650,(主校区),,,,四年,4600,√√√√,2332,050300,115,文学,新闻传播学类,,,,,,,239,343,12,0,0,4,5,,,,,238,339,5,0,0,1,1,1,1,1,A+,工科,辽宁,公办院校,,,,,,,,,,,1,4131,AB,01,310228885,(主校区),8,12,12,386,379,36,3107,372,370,31,2963,31,2963,28,3417,28,2840,13,3678,15,3396
326651,68508,27,,,大连理工大学,,,,8,6,1,本科,2020,文科,本科第一批次,,,,英语,200326651,(、翻译)(只招英语考生)(口)(主校区),,,,四年,5200,√√√√,45,050201,114,文学,外国语言文学类,,,,,,,182,343,5,0,0,3,3,,,,,186,339,3,0,0,1,1,1,1,1,A+,工科,辽宁,公办院校,,,,,,,,,,,1,4131,AB,02,310228883,(、翻译)(只招英语考生)(口)(主校区),1,4,5,386,382,39,2483,378,375,36,1975,36,1975,30,2967,26,3281,14,3413,13,3938
326652,68508,27,,,大连理工大学,,,,8,6,1,本科,2020,文科,本科第一批次,,,,日语,200326652,(只招英语考生)(口)(主校区),,,,四年,5200,√√√√,51,050207,114,文学,外国语言文学类,,,,,,,239,343,2,0,0,2,2,,,,,273,339,2,0,0,1,1,1,1,1,A+,工科,辽宁,公办院校,,,,,,,,,,,1,4131,AB,03,310228882,(只招英语考生)(口)(主校区),0,2,2,383,379,36,3107,370,369,30,3201,30,3201,28,3417,26,3281,14,3413,16,3181
327169,69374,28,,,西北工业大学,(西安),,,8,6,1,本科,2020,文科,本科第一批次,,,,经济与贸易类,200327169,(长安校区),,,,四年,3850,√√√√,2291,020400,104,经济学,经济与贸易类,,,,,,,181,343,4,0,0,5,5,,,,,248,339,5,0,0,1,1,1,1,1,A,工科,陕西,公办院校,,,,,,,,,,,1,7102,AB,01,120327169,(长安校区),-1,4,4,385,381,38,2665,375,368,29,3474,29,3474,0,0,0,0,0,0,0,0
327170,69374,28,,,西北工业大学,(西安),,,8,6,1,本科,2020,文科,本科第一批次,,,,外国语言文学类,200327170,(长安校区),,,,四年,3850,√√√√,2331,050200,114,文学,外国语言文学类,,,,,,,277,343,4,0,0,4,4,,,,,265,339,4,0,0,1,1,1,1,1,A,工科,陕西,公办院校,,,,,,,,,,,1,7102,AB,02,120327170,(长安校区),0,4,4,383,378,35,3346,373,366,27,3975,27,3975,0,0,0,0,0,0,0,0
326632,68467,29,,,东北大学,(沈阳),,,8,6,1,本科,2020,文科,本科第一批次,,,,公共管理类,200326632,(行政管理、公共事业管理等5个专业),,,,四年,4600,√√√√,2527,120400,180,管理学,公共管理类,,,,,,,253,343,4,0,0,3,3,,,,,248,339,3,0,0,1,1,1,1,1,A+,工科,辽宁,公办院校,,,,,,,,,,,1,4101,AB,01,210228584,(行政管理、公共事业管理等5个专业),1,4,4,381,376,33,3866,370,368,29,3474,29,3474,27,3638,23,4011,10,4610,0,0
326633,68467,29,,,东北大学,(沈阳),,,8,6,1,本科,2020,文科,本科第一批次,,,,外国语言文学类,100326633,(只招英语或俄语或日语或德语考生),,,,四年,5200,√√√√,2331,050200,114,文学,外国语言文学类,,,,,,,253,343,6,0,0,6,6,,,,,253,339,6,0,0,1,1,1,1,1,A+,工科,辽宁,公办院校,,,,,,,,,,,1,4101,AB,02,210228585,(只招英语或俄语或日语或德语考生),0,6,6,381,376,33,3866,369,367,28,3722,28,3722,26,3895,23,4011,11,4281,0,0
327100,69252,30,,,重庆大学,,,,8,6,0,本科,2020,文科,本科第一批次,,,,经济学类,100327100,(经济学等2个专业),,,,四年,5625,√√√√,2279,020100,101,经济学,经济学类,,,,,,,69,343,1,0,0,2,2,,,,,102,339,2,0,0,1,1,1,1,1,A+,综合,重庆,公办院校,,,,,,,,,,,1,6201,"历史A,另一门B",01,120327100,(经济学等2个专业),-1,1,1,396,396,53,692,382,381,42,1182,42,1182,0,0,0,0,0,0,0,0
327101,69252,30,,,重庆大学,,,,8,6,0,本科,2020,文科,本科第一批次,,,,新闻传播学类,100327101,(新闻学、广播电视学),,,,四年,5625,√√√√,2332,050300,115,文学,新闻传播学类,,,,,,,130,343,4,0,0,3,3,,,,,122,339,3,0,0,1,1,1,1,1,A+,综合,重庆,公办院校,,,,,,,,,,,1,6201,"历史A,另一门B",02,120327101,(新闻学、广播电视学),1,4,4,391,390,47,1300,380,380,41,1284,41,1284,0,0,0,0,0,0,0,0
327102,69252,30,,,重庆大学,,,,8,6,0,本科,2020,文科,本科第一批次,,,,外国语言文学类,200327102,(英语、德语、日语),,,,四年,6875,√√√√,2331,050200,114,文学,外国语言文学类,,,,,,,125,343,4,0,0,3,3,,,,,122,339,3,0,0,1,1,1,1,1,A+,综合,重庆,公办院校,,,,,,,,,,,1,6201,"历史A,另一门B",03,930292360,(英语、德语、日语),1,4,4,392,391,48,1175,383,380,41,1284,41,1284,40,1260,0,0,0,0,0,0
327103,69252,30,,,重庆大学,,,,8,6,0,本科,2020,文科,本科第一批次,,,,人文科学试验班,200327103,(汉语言文学、法学、历史学、哲学)(重庆大学A校区),,,,四年,4500,√√√√,0,,0,,,,,,,,,109,343,1,0,0,2,2,,,,,122,339,2,0,0,1,1,1,1,1,A+,综合,重庆,公办院校,,,,,,,,,,,1,6201,"历史A,另一门B",04,120327103,(汉语言文学、法学、历史学、哲学)(重庆大学A校区),-1,1,1,393,393,50,957,381,380,41,1284,41,1284,0,0,0,0,0,0,0,0
327104,69252,30,,,重庆大学,,,,8,6,0,本科,2020,文科,本科第一批次,,,,公共管理类,100327104,(行政管理、城市管理),,,,四年,5625,√√√√,2527,120400,180,管理学,公共管理类,,,,,,,125,343,2,0,0,2,2,,,,,121,339,2,0,0,1,1,1,1,1,A+,综合,重庆,公办院校,,,,,,,,,,,1,6201,"历史A,另一门B",05,310234986,(行政管理、城市管理),0,2,2,391,391,48,1175,380,379,40,1406,40,1406,40,1260,39,1169,27,1077,22,2023
327105,69252,30,,,重庆大学,,,,8,6,0,本科,2020,文科,本科第一批次,,,,法学类,100327105,(法学、知识产权),,,,四年,5625,√√√√,2292,030100,105,法学,法学类,,,,,,,125,343,2,0,0,2,2,,,,,108,339,2,0,0,1,1,1,1,1,A+,综合,重庆,公办院校,,,,,,,,,,,1,6201,"历史A,另一门B",06,120327105,(法学、知识产权),0,2,2,392,391,48,1175,383,382,43,1074,43,1074,0,0,0,0,0,0,0,0
327106,69252,30,,,重庆大学,,,,8,6,0,本科,2020,文科,本科第一批次,,,,风景园林,100327106,(重庆大学B校区),,,,五年,5500,√√√√,243,082803,156,工学,建筑类,,,,,,,125,343,1,0,0,1,1,,,,,108,339,1,0,0,1,1,1,1,1,A+,综合,重庆,公办院校,,,,,,,,,,,1,6201,"历史A,另一门B",07,120327106,(重庆大学B校区),0,1,1,391,391,48,1175,382,382,43,1074,43,1074,0,0,0,0,0,0,0,0
326434,68177,31,,中外合作办学,中国农业大学,(北京),,,8,6,1,本科,2020,文科,本科第一批次,,,,国际经济与贸易,200326434,"(中外合作办学)(国内学习期间学费每年8.8万元至10万元,国外学习期间按留学生标准收费)",,,,四年,,√√√√,12,020401,104,经济学,经济与贸易类,,,,,,,148,343,1,0,0,1,1,,,,,159,339,1,0,0,1,1,1,1,1,A+,农业,北京,公办院校,,,,,,,,,,,1,3110,AB,01,120326434,"(中外合作办学)(国内学习期间学费每年8.8万元至10万元,国外学习期间按留学生标准收费)",0,1,1,386,386,43,1859,376,376,37,1816,37,1816,0,0,0,0,0,0,0,0
326435,68177,31,,中外合作办学,中国农业大学,(北京),,,8,6,1,本科,2020,文科,本科第一批次,,,,传播学,200326435,"(中外合作办学)(国内学习期间学费每年8.8万元至10万元,国外学习期间按留学生标准收费)",,,,四年,,√√√√,110,050304,115,文学,新闻传播学类,,,,,,,411,343,3,0,0,3,3,,,,,273,339,3,0,0,1,1,1,1,1,A+,农业,北京,公办院校,,,,,,,,,,,1,3110,AB,02,120326435,"(中外合作办学)(国内学习期间学费每年8.8万元至10万元,国外学习期间按留学生标准收费)",0,3,3,380,365,22,7446,374,369,30,3201,30,3201,0,0,0,0,0,0,0,0
326436,68177,31,,中外合作办学,中国农业大学,(北京),,,8,6,1,本科,2020,文科,本科第一批次,,,,农林经济管理,100326436,"(中外合作办学)(农业商务)(国内学习期间学费每年6万元,国外学习期间按留学生标准收费)",,,,四年,,√√√√,307,120301,179,管理学,农业经济管理类,,,,,,,239,343,1,0,0,1,1,,,,,159,339,1,0,0,1,1,1,1,1,A+,农业,北京,公办院校,,,,,,,,,,,1,3110,AB,03,120326436,"(中外合作办学)(农业商务)(国内学习期间学费每年6万元,国外学习期间按留学生标准收费)",0,1,1,379,379,36,3107,376,376,37,1816,37,1816,0,0,0,0,0,0,0,0
327220,69476,32,,,兰州大学,,,,8,7,1,本科,2020,文科,本科第一批次,,,,汉语言文学,100327220,,,,,四年,5000,√√√√,40,050101,113,文学,中国语言文学类,,,,,,,261,343,3,0,0,2,2,,,,,199,339,2,0,0,1,1,1,1,1,A+,综合,甘肃,公办院校,,,,,,,,,,,1,7201,AB+,01,110236450,,1,3,3,382,380,37,2846,375,373,34,2359,34,2359,26,3895,24,3778,13,3678,14,3648
327221,69476,32,,,兰州大学,,,,8,7,1,本科,2020,文科,本科第一批次,,,,汉语言文学,100327221,(戏影),,,,四年,5000,√√√√,40,050101,113,文学,中国语言文学类,,,,,,,277,343,2,0,0,3,3,,,,,253,339,3,0,0,1,1,1,1,1,A+,综合,甘肃,公办院校,,,,,,,,,,,1,7201,AB+,02,910292473,(戏影),-1,2,2,380,378,35,3346,368,367,28,3722,28,3722,25,4160,0,0,0,0,0,0
327222,69476,32,,,兰州大学,,,,8,7,1,本科,2020,文科,本科第一批次,,,,新闻传播学类,100327222,,,,,四年,5500,√√√√,2332,050300,115,文学,新闻传播学类,,,,,,,182,343,3,0,0,3,3,,,,,248,339,3,0,0,1,1,1,1,1,A+,综合,甘肃,公办院校,,,,,,,,,,,1,7201,AB+,03,310236456,,0,3,3,385,382,39,2483,369,368,29,3474,29,3474,26,3895,26,3281,13,3678,15,3396
327223,69476,32,,,兰州大学,,,,8,7,1,本科,2020,文科,本科第一批次,,,,广告学,100327223,,,,,四年,5500,√√√√,109,050303,115,文学,新闻传播学类,,,,,,,277,343,2,0,0,2,2,,,,,253,339,2,0,0,1,1,1,1,1,A+,综合,甘肃,公办院校,,,,,,,,,,,1,7201,AB+,04,210236461,,0,2,2,378,378,35,3346,367,367,28,3722,28,3722,24,4437,21,4554,11,4281,0,0
327224,69476,32,,,兰州大学,,,,8,7,1,本科,2020,文科,本科第一批次,,,,历史学类,100327224,,,,,四年,5000,√√√√,2335,060100,116,历史学,历史学类,,,,,,,142,343,2,0,0,0,0,,,,,0,0,0,0,0,1,1,1,1,1,A+,综合,甘肃,公办院校,,,,,,,,,,,1,7201,AB+,05,0,,36077,2,2,385,385,42,2007,0,0,0,0,0,0,0,0,0,0,0,0,0,0
327225,69476,32,,,兰州大学,,,,8,7,1,本科,2020,文科,本科第一批次,,,,民族学,0,,,,,四年,5500,√√√√,20,030401,108,法学,民族学类,,,,,,,277,343,2,0,0,0,0,,,,,0,0,0,0,0,1,1,1,1,1,A+,综合,甘肃,公办院校,,,,,,,,,,,1,7201,AB+,06,0,,36077,2,2,380,378,35,3346,0,0,0,0,0,0,0,0,0,0,0,0,0,0
327226,69476,32,,,兰州大学,,,,8,7,1,本科,2020,文科,本科第一批次,,,,政治学类,100327226,,,,,四年,5500,√√√√,2296,030200,106,法学,政治学类,,,,,,,182,343,2,0,0,3,3,,,,,253,339,3,0,0,1,1,1,1,1,A+,综合,甘肃,公办院校,,,,,,,,,,,1,7201,AB+,07,120327226,,-1,2,2,387,382,39,2483,372,367,28,3722,28,3722,0,0,0,0,0,0,0,0
327227,69476,32,,,兰州大学,,,,8,7,1,本科,2020,文科,本科第一批次,,,,哲学,100327227,,,,,四年,5000,√√√√,1,010101,100,哲学,哲学类,,,,,,,261,343,2,0,0,2,2,,,,,253,339,2,0,0,1,1,1,1,1,A+,综合,甘肃,公办院校,,,,,,,,,,,1,7201,AB+,08,110236459,,0,2,2,383,380,37,2846,375,367,28,3722,28,3722,25,4160,22,4281,11,4281,10,4777
327228,69476,32,,,兰州大学,,,,8,7,1,本科,2020,文科,本科第一批次,,,,社会学,100327228,,,,,四年,5500,√√√√,18,030301,107,法学,社会学类,,,,,,,239,343,2,0,0,2,2,,,,,265,339,2,0,0,1,1,1,1,1,A+,综合,甘肃,公办院校,,,,,,,,,,,1,7201,AB+,09,210236458,,0,2,2,383,379,36,3107,366,366,27,3975,27,3975,24,4437,22,4281,10,4610,11,4475
327229,69476,32,,,兰州大学,,,,8,7,1,本科,2020,文科,本科第一批次,,,,日语,100327229,,,,,四年,5500,√√√√,51,050207,114,文学,外国语言文学类,,,,,,,277,343,3,0,0,3,3,,,,,253,339,3,0,0,1,1,1,1,1,A+,综合,甘肃,公办院校,,,,,,,,,,,1,7201,AB+,10,210132607,,0,3,3,378,378,35,3346,367,367,28,3722,28,3722,0,0,0,0,0,0,10,4777
327230,69476,32,,,兰州大学,,,,8,7,1,本科,2020,文科,本科第一批次,,,,法学,100327230,,,,,四年,5500,√√√√,2293,030101,105,法学,法学类,,,,,,,181,343,2,0,0,2,2,,,,,248,339,2,0,0,1,1,1,1,1,A+,综合,甘肃,公办院校,,,,,,,,,,,1,7201,AB+,11,210068834,,0,2,2,386,381,38,2665,370,368,29,3474,29,3474,0,0,0,0,0,0,0,0
327231,69476,32,,,兰州大学,,,,8,7,1,本科,2020,文科,本科第一批次,,,,历史学类,200327231,"(农村学生单独招生计划(即高校专项计划),仅限户籍、学籍等符合报名条件,在当地就读且经公示无异议的考生报考)",,,,四年,5000,√√√√,2335,060100,116,历史学,历史学类,,,,,,,277,343,0,0,0,0,0,,,,,0,0,0,0,0,1,1,1,1,1,A+,综合,甘肃,公办院校,,,,,,,,,,,1,7201,AB+,12,0,"(农村学生单独招生计划(即高校专项计划),仅限户籍、学籍等符合报名条件,在当地就读且经公示无异议的考生报考)",36077,1,0,378,378,35,3346,0,0,0,0,0,0,0,0,0,0,0,0,0,0
325951,67593,33,,,华东师范大学,(上海),,,6,6,1,本科,2020,文科,本科第一批次,,,,汉语言文学,100325951,,,,,四年,5000,√√√√,40,050101,113,文学,中国语言文学类,,,,,,,36,343,3,0,0,2,2,,,,,44,339,2,0,0,1,1,1,1,1,A+,师范,上海,公办院校,,,,,,,,,,,1,2106,BB,01,110220556,,1,3,3,415,404,61,260,397,394,55,270,55,270,48,583,47,548,32,617,38,438
325952,67593,33,,,华东师范大学,(上海),,,6,6,1,本科,2020,文科,本科第一批次,,,,汉语国际教育,100325952,(中山北路校区),,,,四年,5000,√√√√,42,050103,113,文学,中国语言文学类,,,,,,,54,343,2,0,0,2,2,,,,,60,339,2,0,0,1,1,1,1,1,A+,师范,上海,公办院校,,,,,,,,,,,1,2106,BB,02,210220555,(中山北路校区),0,2,2,400,399,56,511,393,390,51,452,51,452,47,640,48,489,33,540,35,621
325953,67593,33,,,华东师范大学,(上海),,,6,6,1,本科,2020,文科,本科第一批次,,,,英语,100325953,(只招英语考生),,,,四年,5000,√√√√,45,050201,114,文学,外国语言文学类,,,,,,,75,343,2,0,0,2,2,,,,,63,339,2,0,0,1,1,1,1,1,A+,师范,上海,公办院校,,,,,,,,,,,1,2106,BB,03,110220554,(只招英语考生),0,2,2,401,400,57,436,401,389,50,512,50,512,46,686,46,602,32,617,33,754
325954,67593,33,,,华东师范大学,(上海),,,6,6,1,本科,2020,文科,本科第一批次,,,,翻译,100325954,(只招英语考生),,,,四年,5000,√√√√,105,050261,114,文学,外国语言文学类,,,,,,,75,343,2,0,0,2,2,,,,,51,339,2,0,0,1,1,1,1,1,A+,师范,上海,公办院校,,,,,,,,,,,1,2106,BB,04,210220553,(只招英语考生),0,2,2,403,400,57,436,393,391,52,401,52,401,48,583,46,602,31,696,35,621
325955,67593,33,,,华东师范大学,(上海),,,6,6,1,本科,2020,文科,本科第一批次,,,,德语,100325955,(只招英语考生),,,,四年,5000,√√√√,47,050203,114,文学,外国语言文学类,,,,,,,54,343,2,0,0,2,3,,,,,60,339,3,0,0,1,1,1,1,1,A+,师范,上海,公办院校,,,,,,,,,,,1,2106,BB,05,210220552,(只招英语考生),0,2,2,400,399,56,511,391,390,51,452,51,452,46,686,46,602,33,540,35,621
325956,67593,33,,,华东师范大学,(上海),,,6,6,1,本科,2020,文科,本科第一批次,,,,法语,100325956,(只招英语考生),,,,四年,5000,√√√√,48,050204,114,文学,外国语言文学类,,,,,,,75,343,1,0,0,2,1,,,,,60,339,1,0,0,1,1,1,1,1,A+,师范,上海,公办院校,,,,,,,,,,,1,2106,BB,06,210220551,(只招英语考生),0,2,1,400,400,57,436,390,390,51,452,51,452,46,686,46,602,32,617,33,754
325957,67593,33,,,华东师范大学,(上海),,,6,6,1,本科,2020,文科,本科第一批次,,,,西班牙语,100325957,(只招英语考生),,,,四年,5000,√√√√,49,050205,114,文学,外国语言文学类,,,,,,,54,343,2,0,0,2,1,,,,,63,339,1,0,0,1,1,1,1,1,A+,师范,上海,公办院校,,,,,,,,,,,1,2106,BB,07,210220566,(只招英语考生),0,2,2,400,399,56,511,389,389,50,512,50,512,48,583,47,548,30,785,33,754
325958,67593,33,,,华东师范大学,(上海),,,6,6,1,本科,2020,文科,本科第一批次,,,,日语,100325958,(只招英语考生),,,,四年,5000,√√√√,51,050207,114,文学,外国语言文学类,,,,,,,75,343,1,0,0,2,1,,,,,63,339,1,0,0,1,1,1,1,1,A+,师范,上海,公办院校,,,,,,,,,,,1,2106,BB,08,210220549,(只招英语考生),0,2,1,400,400,57,436,388,388,49,575,49,575,47,640,45,670,31,696,34,691
325959,67593,33,,,华东师范大学,(上海),,,6,6,1,本科,2020,文科,本科第一批次,,,,金融学类,100325959,,,,,四年,5500,√√√√,2286,020300,103,经济学,金融学类,,,,,,,75,343,3,0,0,3,4,,,,,63,339,4,0,0,1,1,1,1,1,A+,师范,上海,公办院校,,,,,,,,,,,1,2106,BB,09,310220557,,0,3,3,402,400,57,436,390,388,49,575,49,575,48,583,49,443,34,487,35,621
325960,67593,33,,,华东师范大学,(上海),,,6,6,1,本科,2020,文科,本科第一批次,,,,工商管理类,100325960,,,,,四年,5000,√√√√,2519,120200,178,管理学,工商管理类,,,,,,,54,343,3,0,0,4,6,,,,,63,339,6,0,0,1,1,1,1,1,A+,师范,上海,公办院校,,,,,,,,,,,1,2106,BB,10,210220558,,-1,3,3,401,399,56,511,390,388,49,575,49,575,46,686,46,602,31,696,0,0
325961,67593,33,,,华东师范大学,(上海),,,6,6,1,本科,2020,文科,本科第一批次,,,,工商管理,200325961,(中法创新实验班)(报考该专业须详询院校),,,,四年,5000,√√√√,2520,120201,178,管理学,工商管理类,,,,,,,0,343,0,0,0,2,2,,,,,63,339,2,0,0,1,1,1,1,1,A+,师范,上海,公办院校,,,,,,,,,,,1,2106,BB,11,120325961,(中法创新实验班)(报考该专业须详询院校),0,2,0,0,0,0,0,388,388,49,575,49,575,0,0,0,0,0,0,0,0
325962,67593,33,,,华东师范大学,(上海),,,6,6,1,本科,2020,文科,本科第一批次,,,,公共管理类,100325962,(中山北路校区),,,,四年,5000,√√√√,2527,120400,180,管理学,公共管理类,,,,,,,54,343,2,0,0,2,2,,,,,63,339,2,0,0,1,1,1,1,1,A+,师范,上海,公办院校,,,,,,,,,,,1,2106,BB,12,210220559,(中山北路校区),0,2,2,400,399,56,511,390,388,49,575,49,575,46,686,46,602,32,617,32,836
325963,67593,33,,,华东师范大学,(上海),,,6,6,1,本科,2020,文科,本科第一批次,,,,人文地理与城乡规划,100325963,,,,,四年,5000,×√√√,126,070503,121,理学,地理科学类,,,,,,,55,343,2,0,0,2,2,,,,,63,339,2,0,0,1,1,1,1,1,A+,师范,上海,公办院校,,,,,,,,,,,1,2106,BB,13,210220560,,0,2,2,399,398,55,565,391,388,49,575,49,575,49,507,46,602,31,696,32,836
325964,67593,33,,,华东师范大学,(上海),,,6,6,1,本科,2020,文科,本科第一批次,,,,新闻传播学类,100325964,,,,,四年,5000,√√√√,2332,050300,115,文学,新闻传播学类,,,,,,,75,343,2,0,0,3,3,,,,,60,339,3,0,0,1,1,1,1,1,A+,师范,上海,公办院校,,,,,,,,,,,1,2106,BB,14,210220561,,-1,2,2,402,400,57,436,391,390,51,452,51,452,46,686,47,548,31,696,0,0
325965,67593,33,,,华东师范大学,(上海),,,6,6,1,本科,2020,文科,本科第一批次,,,,历史学,100325965,,,,,四年,5000,√√√√,112,060101,116,历史学,历史学类,,,,,,,75,343,2,0,0,1,1,,,,,47,339,1,0,0,1,1,1,1,1,A+,师范,上海,公办院校,,,,,,,,,,,1,2106,BB,15,210220562,,1,2,2,400,400,57,436,393,393,54,314,54,314,47,640,48,489,32,617,33,754
325966,67593,33,,,华东师范大学,(上海),,,6,6,1,本科,2020,文科,本科第一批次,,,,哲学,100325966,,,,,四年,5000,√√√√,1,010101,100,哲学,哲学类,,,,,,,54,343,5,0,0,2,1,,,,,63,339,1,0,0,1,1,1,1,1,A+,师范,上海,公办院校,,,,,,,,,,,1,2106,BB,16,110220563,,-1,1,5,401,399,56,511,388,388,49,575,49,575,49,507,0,0,0,0,32,836
325967,67593,33,,,华东师范大学,(上海),,,6,6,1,本科,2020,文科,本科第一批次,,,,政治学与行政学,0,,,,,四年,5000,√√√√,15,030201,106,法学,政治学类,,,,,,,54,343,3,0,0,0,0,,,,,0,0,0,0,0,1,1,1,1,1,A+,师范,上海,公办院校,,,,,,,,,,,1,2106,BB,17,0,,36077,2,3,399,399,56,511,0,0,0,0,0,0,0,0,0,0,0,0,0,0
325968,67593,33,,,华东师范大学,(上海),,,6,6,1,本科,2020,文科,本科第一批次,,,,思想政治教育,100325968,(师范),,,,四年,5000,√√√√,23,030503,109,法学,马克思主义理论类,,,,,,,44,343,1,0,0,1,1,,,,,63,339,1,0,0,1,1,1,1,1,A+,师范,上海,公办院校,,,,,,,,,,,1,2106,BB,18,910291088,(师范),0,1,1,401,401,58,392,389,389,50,512,50,512,47,640,0,0,0,0,0,0
325969,67593,33,,,华东师范大学,(上海),,,6,6,1,本科,2020,文科,本科第一批次,,,,法学,100325969,,,,,四年,5000,√√√√,2293,030101,105,法学,法学类,,,,,,,54,343,2,0,0,2,2,,,,,60,339,2,0,0,1,1,1,1,1,A+,师范,上海,公办院校,,,,,,,,,,,1,2106,BB,19,210220565,,0,2,2,400,399,56,511,394,390,51,452,51,452,46,686,47,548,31,696,33,754
325970,67593,33,,,华东师范大学,(上海),,,6,6,1,本科,2020,文科,本科第一批次,,,,社会学类,100325970,,,,,四年,5000,√√√√,2299,030300,107,法学,社会学类,,,,,,,54,343,3,0,0,2,3,,,,,63,339,3,0,0,1,1,1,1,1,A+,师范,上海,公办院校,,,,,,,,,,,1,2106,BB,20,310220550,,0,2,3,400,399,56,511,394,389,50,512,50,512,47,640,45,670,31,696,32,836
325971,67593,33,,,华东师范大学,(上海),,,6,6,1,本科,2020,文科,本科第一批次,,,,教育学类,100325971,(师范)(中山北路校区),,,,四年,5000,√√√√,2321,040100,111,教育学,教育学类,,,,,,,75,343,4,0,0,2,3,,,,,60,339,3,0,0,1,1,1,1,1,A+,师范,上海,公办院校,,,,,,,,,,,1,2106,BB,21,910291091,(师范)(中山北路校区),2,4,4,402,400,57,436,394,390,51,452,51,452,49,507,0,0,0,0,0,0
325680,67184,35,,,中国矿业大学,(徐州),,,7,6,1,本科,2020,文科,本科第一批次,,,,公共管理类,200325680,(行政管理、法学、汉语言文     学、广播电视学),,,,四年,5200,√√√√,2527,120400,180,管理学,公共管理类,,,,,,,324,343,36,0,0,34,34,,,,,339,339,34,0,0,0,1,1,0,0,A-,工科,江苏,公办院校,,,,,,,,,,,1,1221,B+B,01,120325680,(行政管理、法学、汉语言文     学、广播电视学),1,35,36,375,372,29,4997,370,362,23,5215,23,5215,0,0,0,0,0,0,0,0
325681,67184,35,,,中国矿业大学,(徐州),,,7,6,1,本科,2020,文科,本科第一批次,,,,外国语言文学类,100325681,(英语、德语),,,,四年,5200,√√√√,2331,050200,114,文学,外国语言文学类,,,,,,,324,343,15,0,0,14,14,,,,,339,339,14,0,0,0,1,1,0,0,A-,工科,江苏,公办院校,,,,,,,,,,,1,1221,B+B,02,220212921,(英语、德语),2,16,15,376,372,29,4997,368,362,23,5215,23,5215,21,5426,18,5523,0,0,0,0
325937,67584,36,,,华东理工大学,(上海),,,6,6,1,本科,2020,文科,本科第一批次,,,,经济学类,100325937,,,,,四年,5000,√√√√,2279,020100,101,经济学,经济学类,,,,,,,148,343,4,0,0,4,4,,,,,122,339,4,0,0,0,1,1,0,1,A-,工科,上海,公办院校,,,,,,,,,,,1,2104,BB,01,210220470,,0,4,4,391,386,43,1859,383,380,41,1284,41,1284,40,1260,35,1595,24,1430,0,0
325938,67584,36,,,华东理工大学,(上海),,,6,6,1,本科,2020,文科,本科第一批次,,,,工商管理类,100325938,,,,,四年,5000,√√√√,2519,120200,178,管理学,工商管理类,,,,,,,178,343,11,0,0,10,10,,,,,148,339,10,0,0,0,1,1,0,1,A-,工科,上海,公办院校,,,,,,,,,,,1,2104,BB,02,310220474,,0,10,11,393,383,40,2305,382,377,38,1668,38,1668,38,1534,34,1756,24,1430,24,1713
325939,67584,36,,,华东理工大学,(上海),,,6,6,1,本科,2020,文科,本科第一批次,,,,国际经济与贸易,100325939,,,,,四年,5000,√√√√,12,020401,104,经济学,经济与贸易类,,,,,,,142,343,3,0,0,2,2,,,,,108,339,2,0,0,0,1,1,0,1,A-,工科,上海,公办院校,,,,,,,,,,,1,2104,BB,03,210220476,,0,2,3,387,385,42,2007,384,383,44,966,44,966,45,772,35,1595,23,1598,26,1440
325940,67584,36,,,华东理工大学,(上海),,,6,6,1,本科,2020,文科,本科第一批次,,,,公共管理类,100325940,,,,,四年,5000,√√√√,2527,120400,180,管理学,公共管理类,,,,,,,239,343,20,0,0,23,23,,,,,209,339,23,0,0,0,1,1,0,1,A-,工科,上海,公办院校,,,,,,,,,,,1,2104,BB,04,220220475,,0,23,20,389,379,36,3107,375,371,32,2754,32,2754,32,2558,30,2444,0,0,0,0
325941,67584,36,,,华东理工大学,(上海),,,6,6,1,本科,2020,文科,本科第一批次,,,,风景园林,100325941,,,,,四年,5000,√√√√,243,082803,156,工学,建筑类,,,,,,,261,343,3,0,0,3,3,,,,,196,339,3,0,0,0,1,1,0,1,A-,工科,上海,公办院校,,,,,,,,,,,1,2104,BB,05,210220473,,0,3,3,386,380,37,2846,373,372,33,2558,33,2558,33,2356,34,1756,22,1761,19,2563
325942,67584,36,,,华东理工大学,(上海),,,6,6,1,本科,2020,文科,本科第一批次,,,,外国语言文学类,100325942,(只招英语或日语或德语考生)(口),,,,四年,5000,√√√√,2331,050200,114,文学,外国语言文学类,,,,,,,261,343,15,0,0,14,14,,,,,199,339,14,0,0,0,1,1,0,1,A-,工科,上海,公办院校,,,,,,,,,,,1,2104,BB,06,220220472,(只招英语或日语或德语考生)(口),0,14,15,388,380,37,2846,380,373,34,2359,34,2359,33,2356,31,2265,0,0,0,0
325943,67584,36,,,华东理工大学,(上海),,,6,6,1,本科,2020,文科,本科第一批次,,,,法学,100325943,,,,,四年,5000,√√√√,2293,030101,105,法学,法学类,,,,,,,178,343,11,0,0,10,10,,,,,199,339,10,0,0,0,1,1,0,1,A-,工科,上海,公办院校,,,,,,,,,,,1,2104,BB,07,110220471,,0,10,11,387,383,40,2305,379,373,34,2359,34,2359,36,1839,34,1756,19,2285,19,2563
326426,68167,37,,,北京理工大学,,,,8,6,1,本科,2020,文科,本科第一批次,,,,社会科学试验班,100326426,(报考该专业须查阅院校招生章程)(其中外国语言文学类专业学费为    6000元/年),,,,四年,5000,√√√√,0,,0,,,,,,,,,109,343,6,0,0,6,6,,,,,108,339,6,0,0,1,1,1,1,1,A+,工科,北京,公办院校,,,,,,,,,,,1,3107,AB,01,120326426,(报考该专业须查阅院校招生章程)(其中外国语言文学类专业学费为    6000元/年),0,6,6,395,392,49,1066,387,382,43,1074,43,1074,0,0,0,0,0,0,0,0
326427,68171,38,,,北京科技大学,,,,8,7,1,本科,2020,文科,本科第一批次,,,,工商管理类,100326427,(一年后可分流至工商管理、会计学等专业，详见院校招生简章),,,,四年,5000,√√√√,2519,120200,178,管理学,工商管理类,,,,,,,261,343,2,0,0,2,2,,,,,196,339,2,0,0,0,1,1,0,1,A-,工科,北京,公办院校,,,,,,,,,,,1,3108,AB+,01,120326427,(一年后可分流至工商管理、会计学等专业，详见院校招生简章),0,2,2,382,380,37,2846,375,372,33,2558,33,2558,0,0,0,0,0,0,0,0
326428,68171,38,,,北京科技大学,,,,8,7,1,本科,2020,文科,本科第一批次,,,,社会科学试验班,0,(一年后专业分流，详见院校招生简章),,,,四年,5000,√√√√,0,,0,,,,,,,,,243,343,7,0,0,0,0,,,,,0,0,0,0,0,0,1,1,0,1,A-,工科,北京,公办院校,,,,,,,,,,,1,3108,AB+,02,0,(一年后专业分流，详见院校招生简章),36077,7,7,386,377,34,3623,0,0,0,0,0,0,0,0,0,0,0,0,0,0
326429,68171,38,,,北京科技大学,,,,8,7,1,本科,2020,文科,本科第一批次,,,,外国语言文学类,100326429,(只招英语考生)(口)(一年后可分流至英语、日语、德语),,,,四年,5000,√√√√,2331,050200,114,文学,外国语言文学类,,,,,,,277,343,6,0,0,6,6,,,,,248,339,6,0,0,0,1,1,0,1,A-,工科,北京,公办院校,,,,,,,,,,,1,3108,AB+,03,120326429,(只招英语考生)(口)(一年后可分流至英语、日语、德语),0,6,6,383,378,35,3346,374,368,29,3474,29,3474,0,0,0,0,0,0,0,0
325735,67234,39,,,苏州大学,,,,8,6,1,本科,2020,文科,本科第一批次,,,,中国语言文学类,100325735,,,,,四年,5200,√√√√,2328,050100,113,文学,中国语言文学类,,,,,,,277,343,140,0,0,141,141,,,,,248,339,141,0,0,0,1,0,0,1,A-,综合,江苏,公办院校,,,,,,,,,,,1,1261,AB,16,310214032,,-1,140,140,394,378,35,3346,377,368,29,3474,29,3474,29,3185,26,3281,15,3146,16,3181
325736,67234,39,,,苏州大学,,,,8,6,1,本科,2020,文科,本科第一批次,,,,新闻传播学类,100325736,,,,,四年,5200,√√√√,2332,050300,115,文学,新闻传播学类,,,,,,,277,343,60,0,0,65,65,,,,,248,339,65,0,0,0,1,0,0,1,A-,综合,江苏,公办院校,,,,,,,,,,,1,1261,AB,17,310214031,,-5,60,60,390,378,35,3346,376,368,29,3474,29,3474,29,3185,26,3281,15,3146,16,3181
325737,67234,39,,,苏州大学,,,,8,6,1,本科,2020,文科,本科第一批次,,,,社会学类,100325737,,,,,四年,5200,√√√√,2299,030300,107,法学,社会学类,,,,,,,277,343,14,0,0,0,0,,,,,0,0,0,0,0,0,1,0,0,1,A-,综合,江苏,公办院校,,,,,,,,,,,1,1261,AB,18,0,,36077,14,14,384,378,35,3346,0,0,0,0,0,0,0,0,0,0,0,0,0,0
325738,67234,39,,,苏州大学,,,,8,6,1,本科,2020,文科,本科第一批次,,,,历史学,100325738,(师范),,,,四年,5200,√√√√,112,060101,116,历史学,历史学类,,,,,,,239,343,28,0,0,28,28,,,,,248,339,28,0,0,0,1,0,0,1,A-,综合,江苏,公办院校,,,,,,,,,,,1,1261,AB,19,210214028,(师范),0,28,28,384,379,36,3107,375,368,29,3474,29,3474,29,3185,26,3281,15,3146,16,3181
325739,67234,39,,,苏州大学,,,,8,6,1,本科,2020,文科,本科第一批次,,,,劳动与社会保障,100325739,,,,,四年,5200,√√√√,311,120403,180,管理学,公共管理类,,,,,,,277,343,13,0,0,14,13,,,,,248,339,13,0,0,0,1,0,0,1,A-,综合,江苏,公办院校,,,,,,,,,,,1,1261,AB,20,210214027,,-1,13,13,380,378,35,3346,371,368,29,3474,29,3474,29,3185,26,3281,30,8781,29,8773
325740,67234,39,,,苏州大学,,,,8,6,1,本科,2020,文科,本科第一批次,,,,旅游管理,100325740,,,,,四年,5200,√√√√,2541,120901,185,管理学,旅游管理类,,,,,,,277,343,11,0,0,12,13,,,,,248,339,12,1,0,0,1,0,0,1,A-,综合,江苏,公办院校,,,,,,,,,,,1,1261,AB,21,210214026,,-1,11,11,379,378,35,3346,378,368,29,3474,29,3474,29,3185,26,3281,15,3146,16,3181
325741,67234,39,,,苏州大学,,,,8,6,1,本科,2020,文科,本科第一批次,,,,图书情报与档案管理类,100325741,,,,,四年,5200,√√√√,2532,120500,181,管理学,图书情报与档案管理类,,,,,,,277,343,13,0,0,14,13,,,,,248,339,13,0,0,0,1,0,0,1,A-,综合,江苏,公办院校,,,,,,,,,,,1,1261,AB,22,310214025,,-1,13,13,382,378,35,3346,370,368,29,3474,29,3474,29,3185,27,3051,15,3146,16,3181
325742,67234,39,,,苏州大学,,,,8,6,1,本科,2020,文科,本科第一批次,,,,哲学,100325742,,,,,四年,5200,√√√√,1,010101,100,哲学,哲学类,,,,,,,277,343,8,0,0,5,5,,,,,273,339,5,0,0,0,1,0,0,1,A-,综合,江苏,公办院校,,,,,,,,,,,1,1261,AB,23,210214024,,3,8,8,380,378,35,3346,381,369,30,3201,30,3201,29,3185,26,3281,15,3146,16,3181
325743,67234,39,,,苏州大学,,,,8,6,1,本科,2020,文科,本科第一批次,,,,思想政治教育,100325743,(师范),,,,四年,5720,√√√√,23,030503,109,法学,马克思主义理论类,,,,,,,277,343,11,0,0,10,10,,,,,273,339,10,0,0,0,1,0,0,1,A-,综合,江苏,公办院校,,,,,,,,,,,1,1261,AB,24,210214011,(师范),1,11,11,382,378,35,3346,373,369,30,3201,30,3201,30,2967,27,3051,15,3146,16,3181
325744,67234,39,,,苏州大学,,,,8,6,1,本科,2020,文科,本科第一批次,,,,管理科学,100325744,,,,,四年,5200,√√√√,292,120101,177,管理学,管理科学与工程类,,,,,,,277,343,8,0,0,18,18,,,,,248,339,18,0,0,0,1,0,0,1,A-,综合,江苏,公办院校,,,,,,,,,,,1,1261,AB,25,210214012,,-10,8,8,380,378,35,3346,369,368,29,3474,29,3474,29,3185,26,3281,15,3146,16,3181
325745,67234,39,,,苏州大学,,,,8,6,1,本科,2020,文科,本科第一批次,,,,人力资源管理,100325745,,,,,四年,5720,√√√√,302,120206,178,管理学,工商管理类,,,,,,,277,343,14,0,0,18,19,,,,,248,339,19,0,0,0,1,0,0,1,A-,综合,江苏,公办院校,,,,,,,,,,,1,1261,AB,26,210214013,,-4,14,14,381,378,35,3346,374,368,29,3474,29,3474,29,3185,27,3051,17,2715,20,2374
325746,67234,39,,,苏州大学,,,,8,6,1,本科,2020,文科,本科第一批次,,,,行政管理,100325746,,,,,四年,5200,√√√√,310,120402,180,管理学,公共管理类,,,,,,,277,343,14,0,0,23,23,,,,,248,339,23,0,0,0,1,0,0,1,A-,综合,江苏,公办院校,,,,,,,,,,,1,1261,AB,27,210214015,,-9,14,14,386,378,35,3346,375,368,29,3474,29,3474,29,3185,26,3281,15,3146,16,3181
325747,67234,39,,,苏州大学,,,,8,6,1,本科,2020,文科,本科第一批次,,,,城市管理,100325747,,,,,四年,5200,√√√√,313,120405,180,管理学,公共管理类,,,,,,,277,343,13,0,0,12,12,,,,,248,339,12,0,0,0,1,0,0,1,A-,综合,江苏,公办院校,,,,,,,,,,,1,1261,AB,28,210214016,,1,13,13,379,378,35,3346,370,368,29,3474,29,3474,29,3185,26,3281,30,8781,28,9300
325748,67234,39,,,苏州大学,,,,8,6,1,本科,2020,文科,本科第一批次,,,,物流管理,100325748,,,,,四年,5200,√√√√,317,120601,182,管理学,物流管理与工程类,,,,,,,239,343,10,0,0,12,12,,,,,248,339,12,0,0,0,1,0,0,1,A-,综合,江苏,公办院校,,,,,,,,,,,1,1261,AB,29,210214017,,-2,10,10,382,379,36,3107,372,368,29,3474,29,3474,29,3185,26,3281,30,8781,29,8773
325749,67234,39,,,苏州大学,,,,8,6,1,本科,2020,文科,本科第一批次,,,,教育学,100325749,(师范),,,,四年,5200,√√√√,27,040101,111,教育学,教育学类,,,,,,,239,343,8,0,0,10,10,,,,,273,339,10,0,0,0,1,0,0,1,A-,综合,江苏,公办院校,,,,,,,,,,,1,1261,AB,30,210214018,(师范),-2,8,8,383,379,36,3107,373,369,30,3201,30,3201,30,2967,28,2840,18,2487,17,2945
325750,67234,39,,,苏州大学,,,,8,6,1,本科,2020,文科,本科第一批次,,,,经济学,100325750,,,,,四年,5200,√√√√,4,020101,101,经济学,经济学类,,,,,,,181,343,11,0,0,11,11,,,,,196,339,11,0,0,0,1,0,0,1,A-,综合,江苏,公办院校,,,,,,,,,,,1,1261,AB,31,210214019,,0,11,11,387,381,38,2665,377,372,33,2558,33,2558,33,2356,32,2097,21,1920,24,1713
325751,67234,39,,,苏州大学,,,,8,6,1,本科,2020,文科,本科第一批次,,,,财政学,100325751,,,,,四年,5200,√√√√,2285,020201,102,经济学,财政学类,,,,,,,261,343,12,0,0,14,14,,,,,209,339,14,0,0,0,1,0,0,1,A-,综合,江苏,公办院校,,,,,,,,,,,1,1261,AB,32,210214020,,-2,12,12,385,380,37,2846,374,371,32,2754,32,2754,31,2769,30,2444,20,2097,22,2023
325752,67234,39,,,苏州大学,,,,8,6,1,本科,2020,文科,本科第一批次,,,,金融学,100325752,,,,,四年,5200,√√√√,2287,020301,103,经济学,金融学类,,,,,,,182,343,35,0,0,36,37,,,,,198,339,37,0,0,0,1,0,0,1,A-,综合,江苏,公办院校,,,,,,,,,,,1,1261,AB,33,210214021,,-1,35,35,391,382,39,2483,383,374,35,2161,35,2161,34,2177,33,1942,24,1430,27,1324
325753,67234,39,,,苏州大学,,,,8,6,1,本科,2020,文科,本科第一批次,,,,国际经济与贸易,100325753,,,,,四年,5200,√√√√,12,020401,104,经济学,经济与贸易类,,,,,,,239,343,17,0,0,19,19,,,,,273,339,19,0,0,0,1,0,0,1,A-,综合,江苏,公办院校,,,,,,,,,,,1,1261,AB,34,210214022,,-2,17,17,386,379,36,3107,376,369,30,3201,30,3201,30,2967,30,2444,19,2285,21,2189
325754,67234,39,,,苏州大学,,,,8,6,1,本科,2020,文科,本科第一批次,,,,工商管理,100325754,,,,,四年,5720,√√√√,2520,120201,178,管理学,工商管理类,,,,,,,239,343,11,0,0,14,14,,,,,273,339,14,0,0,0,1,0,0,1,A-,综合,江苏,公办院校,,,,,,,,,,,1,1261,AB,35,210214023,,-3,11,11,383,379,36,3107,374,369,30,3201,30,3201,30,2967,28,2840,21,1920,21,2189
325755,67234,39,,,苏州大学,,,,8,6,1,本科,2020,文科,本科第一批次,,,,会计学,100325755,,,,,四年,5720,√√√√,2521,120203,178,管理学,工商管理类,,,,,,,182,343,35,0,0,35,35,,,,,196,339,35,0,0,0,1,0,0,1,A-,综合,江苏,公办院校,,,,,,,,,,,1,1261,AB,36,310214033,,0,35,35,389,382,39,2483,384,372,33,2558,33,2558,32,2558,31,2265,21,1920,25,1593
325756,67234,39,,,苏州大学,,,,8,6,1,本科,2020,文科,本科第一批次,,,,财务管理,100325756,,,,,四年,5720,√√√√,300,120204,178,管理学,工商管理类,,,,,,,261,343,20,0,0,22,22,,,,,238,339,22,0,0,0,1,0,0,1,A-,综合,江苏,公办院校,,,,,,,,,,,1,1261,AB,37,210214045,,-2,20,20,388,380,37,2846,377,370,31,2963,31,2963,30,2967,28,2840,21,1920,23,1882
325757,67234,39,,,苏州大学,,,,8,6,1,本科,2020,文科,本科第一批次,,,,法学,100325757,,,,,四年,5720,√√√√,2293,030101,105,法学,法学类,,,,,,,156,343,71,0,0,60,60,,,,,198,339,60,0,0,0,1,0,0,1,A-,综合,江苏,公办院校,,,,,,,,,,,1,1261,AB,38,410214044,,11,71,71,392,384,41,2149,384,374,35,2161,35,2161,33,2356,31,2265,21,1920,23,1882
325758,67234,39,,,苏州大学,,,,8,6,1,本科,2020,文科,本科第一批次,,,,知识产权,100325758,,,,,四年,5720,√√√√,2294,030102,105,法学,法学类,,,,,,,156,343,5,0,0,5,5,,,,,198,339,5,0,0,0,1,0,0,1,A-,综合,江苏,公办院校,,,,,,,,,,,1,1261,AB,39,210214043,,0,5,5,386,384,41,2149,376,374,35,2161,35,2161,32,2558,30,2444,21,1920,21,2189
325759,67234,39,,,苏州大学,,,,8,6,1,本科,2020,文科,本科第一批次,,,,英语,100325759,(只招英语考生),,,,四年,5720,√√√√,45,050201,114,文学,外国语言文学类,,,,,,,181,343,12,0,0,0,0,,,,,0,0,0,0,0,0,1,0,0,1,A-,综合,江苏,公办院校,,,,,,,,,,,1,1261,AB,40,0,(只招英语考生),36077,12,12,390,381,38,2665,0,0,0,0,0,0,0,0,0,0,0,0,0,0
325760,67234,39,,,苏州大学,,,,8,6,1,本科,2020,文科,本科第一批次,,,,英语,100325760,(只招英语考生)(师范),,,,四年,5200,√√√√,45,050201,114,文学,外国语言文学类,,,,,,,178,343,20,0,0,0,0,,,,,0,0,0,0,0,0,1,0,0,1,A-,综合,江苏,公办院校,,,,,,,,,,,1,1261,AB,41,0,(只招英语考生)(师范),36077,20,20,393,383,40,2305,0,0,0,0,0,0,0,0,0,0,0,0,0,0
325761,67234,39,,,苏州大学,,,,8,6,1,本科,2020,文科,本科第一批次,,,,俄语,100325761,(只招英语考生),,,,五年,5200,√√√√,46,050202,114,文学,外国语言文学类,,,,,,,277,343,11,0,0,9,9,,,,,248,339,9,0,0,0,1,0,0,1,A-,综合,江苏,公办院校,,,,,,,,,,,1,1261,AB,42,120325761,(只招英语考生),2,11,11,380,378,35,3346,372,368,29,3474,29,3474,0,0,0,0,0,0,0,0
325762,67234,39,,,苏州大学,,,,8,6,1,本科,2020,文科,本科第一批次,,,,德语,100325762,(只招英语考生),,,,四年,5720,√√√√,47,050203,114,文学,外国语言文学类,,,,,,,277,343,12,0,0,10,10,,,,,273,339,10,0,0,0,1,0,0,1,A-,综合,江苏,公办院校,,,,,,,,,,,1,1261,AB,43,120325762,(只招英语考生),2,12,12,382,378,35,3346,373,369,30,3201,30,3201,0,0,0,0,0,0,0,0
325763,67234,39,,,苏州大学,,,,8,6,1,本科,2020,文科,本科第一批次,,,,法语,100325763,(只招英语考生),,,,五年,5720,√√√√,48,050204,114,文学,外国语言文学类,,,,,,,277,343,14,0,0,12,12,,,,,273,339,12,0,0,0,1,0,0,1,A-,综合,江苏,公办院校,,,,,,,,,,,1,1261,AB,44,120325763,(只招英语考生),2,14,14,381,378,35,3346,375,369,30,3201,30,3201,0,0,0,0,0,0,0,0
325764,67234,39,,,苏州大学,,,,8,6,1,本科,2020,文科,本科第一批次,,,,西班牙语,100325764,(只招英语考生),,,,四年,5200,√√√√,49,050205,114,文学,外国语言文学类,,,,,,,277,343,12,0,0,10,10,,,,,196,339,10,0,0,0,1,0,0,1,A-,综合,江苏,公办院校,,,,,,,,,,,1,1261,AB,45,120325764,(只招英语考生),2,12,12,383,378,35,3346,379,372,33,2558,33,2558,0,0,0,0,0,0,0,0
325765,67234,39,,,苏州大学,,,,8,6,1,本科,2020,文科,本科第一批次,,,,日语,100325765,(只招英语考生),,,,四年,5720,√√√√,51,050207,114,文学,外国语言文学类,,,,,,,277,343,26,0,0,28,28,,,,,248,339,28,0,0,0,1,0,0,1,A-,综合,江苏,公办院校,,,,,,,,,,,1,1261,AB,46,120325765,(只招英语考生),-2,26,26,394,378,35,3346,377,368,29,3474,29,3474,0,0,0,0,0,0,0,0
325766,67234,39,,,苏州大学,,,,8,6,1,本科,2020,文科,本科第一批次,,,,朝鲜语,200325766,(只招英语考生),,,,四年,5200,√√√√,53,050209,114,文学,外国语言文学类,,,,,,,277,343,9,0,0,0,0,,,,,0,0,0,0,0,0,1,0,0,1,A-,综合,江苏,公办院校,,,,,,,,,,,1,1261,AB,47,0,(只招英语考生),36077,9,9,380,378,35,3346,0,0,0,0,0,0,0,0,0,0,0,0,0,0
325767,67234,39,,,苏州大学,,,,8,6,1,本科,2020,文科,本科第一批次,,,,翻译,100325767,(只招英语考生),,,,四年,5200,√√√√,105,050261,114,文学,外国语言文学类,,,,,,,239,343,11,0,0,9,9,,,,,273,339,9,0,0,0,1,0,0,1,A-,综合,江苏,公办院校,,,,,,,,,,,1,1261,AB,48,120325767,(只招英语考生),2,11,11,383,379,36,3107,373,369,30,3201,30,3201,0,0,0,0,0,0,0,0
325903,67411,39,,中外合作办学,苏州大学,,,,6,6,1,本科,2020,文科,本科第一批次,,,,物流管理,100325903,(中外合作办学)(第四学年可赴美国阿肯色大学学习一年，学费另算),,,,四年,26400,√√√√,317,120601,182,管理学,物流管理与工程类,,,,,,,407,343,55,0,0,55,55,,,,,487,339,55,0,0,0,1,0,0,1,A-,综合,江苏,公办院校,,,,,,,,,,,1,1635,BB,01,120325903,(中外合作办学)(第四学年可赴美国阿肯色大学学习一年，学费另算),0,55,55,374,366,23,7039,362,355,16,7916,16,7916,0,0,0,0,0,0,0,0
325904,67411,39,,中外合作办学,苏州大学,,,,6,6,1,本科,2020,文科,本科第一批次,,,,金融学,100325904,(中外合作办学)(第四学年可赴加拿大维多利亚大学学习两年，学费另算),,,,五年,26400,√√√√,2287,020301,103,经济学,金融学类,,,,,,,354,343,47,0,0,51,51,,,,,399,339,51,0,0,0,1,0,0,1,A-,综合,江苏,公办院校,,,,,,,,,,,1,1635,BB,02,120325904,(中外合作办学)(第四学年可赴加拿大维多利亚大学学习两年，学费另算),-4,47,47,385,368,25,6312,369,357,18,7112,18,7112,0,0,0,0,0,0,0,0
326437,68178,41,,,中国地质大学,(北京),,,0,0,1,本科,2020,文科,本科第一批次,,,,工商管理类,0,(只招收该校高水平运动队入选考生),,,,四年,5000,√√√√,2519,120200,178,管理学,工商管理类,,,,,,,0,343,0,0,0,0,0,,,,,0,0,0,0,0,0,1,1,0,1,A,工科,北京,公办院校,,,,,,,,,,,1,3111,,01,0,(只招收该校高水平运动队入选考生),36077,0,0,0,0,0,0,0,0,0,0,0,0,0,0,0,0,0,0,0,0
326438,68178,41,,,中国地质大学,(北京),,,0,0,1,本科,2020,文科,本科第一批次,,,,英语,200326438,(只招英语考生)(口)(只招收该校高水平艺术团入选考生),,,,四年,6000,√√√√,45,050201,114,文学,外国语言文学类,,,,,,,0,343,0,0,0,0,0,,,,,0,0,0,0,0,0,1,1,0,1,A,工科,北京,公办院校,,,,,,,,,,,1,3111,,02,0,(只招英语考生)(口)(只招收该校高水平艺术团入选考生),36077,0,0,0,0,0,0,0,0,0,0,0,0,0,0,0,0,0,0,0,0
326812,68826,42,,,武汉理工大学,,,,8,6,1,本科,2020,文科,本科第一批次,,,,工商管理类,100326812,,,,,四年,4500,√√√√,2519,120200,178,管理学,工商管理类,,,,,,,295,343,8,0,0,8,8,,,,,358,339,8,0,0,0,1,0,0,1,A-,工科,湖北,公办院校,,,,,,,,,,,1,5207,AB,01,310231515,,0,8,8,377,373,30,4702,368,364,25,4520,25,4520,25,4160,21,4554,9,4937,5,6550
326813,68826,42,,,武汉理工大学,,,,8,6,1,本科,2020,文科,本科第一批次,,,,经济学,100326813,,,,,四年,4500,√√√√,4,020101,101,经济学,经济学类,,,,,,,243,343,2,0,0,2,2,,,,,253,339,2,0,0,0,1,0,0,1,A-,工科,湖北,公办院校,,,,,,,,,,,1,5207,AB,02,210177515,,0,2,2,377,377,34,3623,370,367,28,3722,28,3722,0,0,0,0,13,3678,10,4777
326814,68826,42,,,武汉理工大学,,,,8,6,1,本科,2020,文科,本科第一批次,,,,外国语言文学类,100326814,,,,,四年,4500,√√√√,2331,050200,114,文学,外国语言文学类,,,,,,,295,343,7,0,0,7,7,,,,,358,339,7,0,0,0,1,0,0,1,A-,工科,湖北,公办院校,,,,,,,,,,,1,5207,AB,03,220231522,,0,7,7,376,373,30,4702,364,364,25,4520,25,4520,23,4733,21,4554,0,0,0,0
326815,68826,42,,,武汉理工大学,,,,8,6,1,本科,2020,文科,本科第一批次,,,,思想政治教育,100326815,,,,,四年,4500,√√√√,23,030503,109,法学,马克思主义理论类,,,,,,,324,343,4,0,0,4,4,,,,,358,339,4,0,0,0,1,0,0,1,A-,工科,湖北,公办院校,,,,,,,,,,,1,5207,AB,04,210177511,,0,4,4,374,372,29,4997,365,364,25,4520,25,4520,23,4733,0,0,9,4937,3,7409
326816,68826,42,,,武汉理工大学,,,,8,6,1,本科,2020,文科,本科第一批次,,,,新闻传播学类,100326816,,,,,四年,4500,√√√√,2332,050300,115,文学,新闻传播学类,,,,,,,282,343,1,0,0,1,1,,,,,280,339,1,0,0,0,1,0,0,1,A-,工科,湖北,公办院校,,,,,,,,,,,1,5207,AB,05,310231521,,0,1,1,375,375,32,4119,365,365,26,4240,26,4240,26,3895,22,4281,11,4281,7,5791
326817,68826,42,,,武汉理工大学,,,,8,6,1,本科,2020,文科,本科第一批次,,,,法学,100326817,,,,,四年,4500,√√√√,2293,030101,105,法学,法学类,,,,,,,301,343,3,0,0,3,3,,,,,265,339,3,0,0,0,1,0,0,1,A-,工科,湖北,公办院校,,,,,,,,,,,1,5207,AB,06,110231520,,0,3,3,376,374,31,4401,369,366,27,3975,27,3975,26,3895,23,4011,10,4610,4,6965
326818,68826,42,,,武汉理工大学,,,,8,6,1,本科,2020,文科,本科第一批次,,,,社会工作,100326818,,,,,四年,4500,√√√√,19,030302,107,法学,社会学类,,,,,,,324,343,4,0,0,4,4,,,,,358,339,4,0,0,0,1,0,0,1,A-,工科,湖北,公办院校,,,,,,,,,,,1,5207,AB,07,210177510,,0,4,4,374,372,29,4997,364,364,25,4520,25,4520,24,4437,0,0,9,4937,3,7409
326819,68826,42,,,武汉理工大学,,,,8,6,1,本科,2020,文科,本科第一批次,,,,汉语国际教育,100326819,,,,,四年,4500,√√√√,42,050103,113,文学,中国语言文学类,,,,,,,295,343,1,0,0,1,1,,,,,265,339,1,0,0,0,1,0,0,1,A-,工科,湖北,公办院校,,,,,,,,,,,1,5207,AB,08,210231517,,0,1,1,373,373,30,4702,366,366,27,3975,27,3975,25,4160,20,4864,12,3964,6,6164
326854,68916,43,,,湖南大学,(长沙),,,7,7,1,本科,2020,文科,本科第一批次,,,,汉语言文学,100326854,,,,,四年,5300,√√√√,40,050101,113,文学,中国语言文学类,,,,,,,125,343,2,0,0,2,2,,,,,122,339,2,0,0,1,1,1,1,1,A,综合,湖南,公办院校,,,,,,,,,,,1,5301,B+B+,01,110232492,,0,2,2,391,391,48,1175,381,380,41,1284,41,1284,40,1260,43,814,25,1314,26,1440
326855,68916,43,,,湖南大学,(长沙),,,7,7,1,本科,2020,文科,本科第一批次,,,,历史学,100326855,,,,,四年,5300,√√√√,112,060101,116,历史学,历史学类,,,,,,,125,343,1,0,0,1,1,,,,,121,339,1,0,0,1,1,1,1,1,A,综合,湖南,公办院校,,,,,,,,,,,1,5301,B+B+,02,210232491,,0,1,1,391,391,48,1175,379,379,40,1406,40,1406,40,1260,38,1261,23,1598,31,923
326856,68916,43,,,湖南大学,(长沙),,,7,7,1,本科,2020,文科,本科第一批次,,,,人文科学试验班,100326856,,,,,四年,5300,√√√√,0,,0,,,,,,,,,125,343,2,0,0,2,2,,,,,122,339,2,0,0,1,1,1,1,1,A,综合,湖南,公办院校,,,,,,,,,,,1,5301,B+B+,03,120326856,,0,2,2,391,391,48,1175,381,380,41,1284,41,1284,0,0,0,0,0,0,0,0
326857,68916,43,,,湖南大学,(长沙),,,7,7,1,本科,2020,文科,本科第一批次,,,,法学,100326857,,,,,四年,5500,√√√√,2293,030101,105,法学,法学类,,,,,,,125,343,2,0,0,3,3,,,,,121,339,3,0,0,1,1,1,1,1,A,综合,湖南,公办院校,,,,,,,,,,,1,5301,B+B+,04,110232493,,-1,2,2,393,391,48,1175,383,379,40,1406,40,1406,39,1393,38,1261,25,1314,26,1440
326858,68916,43,,,湖南大学,(长沙),,,7,7,1,本科,2020,文科,本科第一批次,,,,工商管理,100326858,,,,,四年,5500,√√√√,2520,120201,178,管理学,工商管理类,,,,,,,125,343,2,0,0,1,2,,,,,122,339,2,0,0,1,1,1,1,1,A,综合,湖南,公办院校,,,,,,,,,,,1,5301,B+B+,05,210101152,,1,2,2,392,391,48,1175,380,380,41,1284,41,1284,0,0,0,0,0,0,0,0
326859,68916,43,,,湖南大学,(长沙),,,7,7,1,本科,2020,文科,本科第一批次,,,,会计学,100326859,,,,,四年,5500,√√√√,2521,120203,178,管理学,工商管理类,,,,,,,125,343,1,0,0,1,1,,,,,102,339,1,0,0,1,1,1,1,1,A,综合,湖南,公办院校,,,,,,,,,,,1,5301,B+B+,06,120326859,,0,1,1,391,391,48,1175,381,381,42,1182,42,1182,0,0,0,0,0,0,0,0
326860,68916,43,,,湖南大学,(长沙),,,7,7,1,本科,2020,文科,本科第一批次,,,,行政管理,100326860,,,,,四年,5500,√√√√,310,120402,180,管理学,公共管理类,,,,,,,125,343,2,0,0,1,1,,,,,108,339,1,0,0,1,1,1,1,1,A,综合,湖南,公办院校,,,,,,,,,,,1,5301,B+B+,07,110232494,,1,2,2,391,391,48,1175,382,382,43,1074,43,1074,40,1260,39,1169,25,1314,26,1440
326861,68916,43,,,湖南大学,(长沙),,,7,7,1,本科,2020,文科,本科第一批次,,,,金融学,100326861,,,,,四年,5500,√√√√,2287,020301,103,经济学,金融学类,,,,,,,125,343,2,0,0,2,2,,,,,122,339,2,0,0,1,1,1,1,1,A,综合,湖南,公办院校,,,,,,,,,,,1,5301,B+B+,08,210101156,,0,2,2,392,391,48,1175,381,380,41,1284,41,1284,0,0,0,0,0,0,0,0
326862,68916,43,,,湖南大学,(长沙),,,7,7,1,本科,2020,文科,本科第一批次,,,,经济学类,100326862,,,,,四年,5500,√√√√,2279,020100,101,经济学,经济学类,,,,,,,125,343,1,0,0,0,0,,,,,0,0,0,0,0,1,1,1,1,1,A,综合,湖南,公办院校,,,,,,,,,,,1,5301,B+B+,09,0,,36077,1,1,391,391,48,1175,0,0,0,0,0,0,0,0,0,0,0,0,0,0
326863,68916,43,,,湖南大学,(长沙),,,7,7,1,本科,2020,文科,本科第一批次,,,,国际经济与贸易,100326863,,,,,四年,5500,√√√√,12,020401,104,经济学,经济与贸易类,,,,,,,125,343,2,0,0,2,2,,,,,121,339,2,0,0,1,1,1,1,1,A,综合,湖南,公办院校,,,,,,,,,,,1,5301,B+B+,10,210177533,,0,2,2,391,391,48,1175,380,379,40,1406,40,1406,41,1131,0,0,29,864,34,691
326864,68916,43,,,湖南大学,(长沙),,,7,7,1,本科,2020,文科,本科第一批次,,,,英语,100326864,(只招英语考生),,,,四年,5300,√√√√,45,050201,114,文学,外国语言文学类,,,,,,,125,343,1,0,0,1,1,,,,,102,339,1,0,0,1,1,1,1,1,A,综合,湖南,公办院校,,,,,,,,,,,1,5301,B+B+,11,310132363,(只招英语考生),0,1,1,391,391,48,1175,381,381,42,1182,42,1182,0,0,0,0,0,0,31,923
326865,68916,43,,,湖南大学,(长沙),,,7,7,1,本科,2020,文科,本科第一批次,,,,日语,100326865,,,,,四年,5300,√√√√,51,050207,114,文学,外国语言文学类,,,,,,,125,343,3,0,0,3,2,,,,,122,339,2,0,0,1,1,1,1,1,A,综合,湖南,公办院校,,,,,,,,,,,1,5301,B+B+,12,310232496,,0,3,3,392,391,48,1175,382,380,41,1284,41,1284,40,1260,38,1261,22,1761,25,1593
326866,68916,43,,,湖南大学,(长沙),,,7,7,1,本科,2020,文科,本科第一批次,,,,新闻传播学类,100326866,,,,,四年,6000,√√√√,2332,050300,115,文学,新闻传播学类,,,,,,,125,343,3,0,0,3,3,,,,,122,339,3,0,0,1,1,1,1,1,A,综合,湖南,公办院校,,,,,,,,,,,1,5301,B+B+,13,210232495,,0,3,3,395,391,48,1175,382,380,41,1284,41,1284,39,1393,39,1169,22,1761,25,1593
326867,68916,43,,,湖南大学,(长沙),,,7,7,1,本科,2020,文科,本科第一批次,,,,法学,100326867,(农村学生单独招生计划(即高校专项计划)，仅限户籍、学籍等符合报名条件，在当地就读且经公示无异议的考生报考),,,,四年,5500,√√√√,2293,030101,105,法学,法学类,,,,,,,182,343,0,0,0,2,0,,,,,0,339,0,0,0,1,1,1,1,1,A,综合,湖南,公办院校,,,,,,,,,,,1,5301,B+B+,14,210232497,(农村学生单独招生计划(即高校专项计划)，仅限户籍、学籍等符合报名条件，在当地就读且经公示无异议的考生报考),0,2,0,387,382,39,2483,0,0,0,0,0,0,0,0,0,0,0,0,0,0
326720,68686,44,,,郑州大学,,,,8,6,1,本科,2020,文科,本科第一批次,,,,经济学类,100326720,,,,,四年,4400,√√√√,2279,020100,101,经济学,经济学类,,,,,,,282,343,3,0,0,3,3,,,,,265,339,3,0,0,0,1,0,1,1,A-,综合,河南,公办院校,,,,,,,,,,,1,5101,AB,01,120326720,,0,3,3,375,375,32,4119,367,366,27,3975,27,3975,0,0,0,0,0,0,0,0
326721,68686,44,,,郑州大学,,,,8,6,1,本科,2020,文科,本科第一批次,,,,工商管理类,100326721,,,,,四年,4400,√√√√,2519,120200,178,管理学,工商管理类,,,,,,,282,343,5,0,0,5,5,,,,,280,339,5,0,0,0,1,0,1,1,A-,综合,河南,公办院校,,,,,,,,,,,1,5101,AB,02,120326721,,0,5,5,377,375,32,4119,367,365,26,4240,26,4240,0,0,0,0,0,0,0,0
326722,68686,44,,,郑州大学,,,,8,6,1,本科,2020,文科,本科第一批次,,,,公共管理类,100326722,,,,,四年,4400,√√√√,2527,120400,180,管理学,公共管理类,,,,,,,282,343,4,0,0,4,4,,,,,358,339,4,0,0,0,1,0,1,1,A-,综合,河南,公办院校,,,,,,,,,,,1,5101,AB,03,120326722,,0,4,4,376,375,32,4119,366,364,25,4520,25,4520,0,0,0,0,0,0,0,0
326723,68686,44,,,郑州大学,,,,8,6,1,本科,2020,文科,本科第一批次,,,,法学类,100326723,,,,,四年,4400,√√√√,2292,030100,105,法学,法学类,,,,,,,243,343,2,0,0,4,4,,,,,265,339,4,0,0,0,1,0,1,1,A-,综合,河南,公办院校,,,,,,,,,,,1,5101,AB,04,910291941,,-2,2,2,383,377,34,3623,368,366,27,3975,27,3975,24,4437,0,0,0,0,0,0
326724,68686,44,,,郑州大学,,,,8,6,1,本科,2020,文科,本科第一批次,,,,中国语言文学类,100326724,,,,,四年,4400,√√√√,2328,050100,113,文学,中国语言文学类,,,,,,,282,343,6,0,0,6,6,,,,,358,339,6,0,0,0,1,0,1,1,A-,综合,河南,公办院校,,,,,,,,,,,1,5101,AB,05,220230583,,0,6,6,377,375,32,4119,366,364,25,4520,25,4520,23,4733,19,5199,0,0,0,0
325455,67065,45,,,南京航空航天大学,,,,8,6,1,本科,2020,文科,本科第一批次,,,,政治学与行政学,100325455,,,,,四年,5200,√√√√,15,030201,106,法学,政治学类,,,,,,,142,343,4,0,0,3,2,,,,,148,339,2,0,0,0,1,1,0,1,A-,工科,江苏,公办院校,,,,,,,,,,,1,1103,AB,01,110210616,,1,4,4,387,385,42,2007,380,377,38,1668,38,1668,36,1839,35,1595,0,0,30,1003
325456,67065,45,,,南京航空航天大学,,,,8,6,1,本科,2020,文科,本科第一批次,,,,公共事业管理,100325456,,,,,四年,5200,√√√√,309,120401,180,管理学,公共管理类,,,,,,,156,343,3,0,0,2,2,,,,,159,339,2,0,0,0,1,1,0,1,A-,工科,江苏,公办院校,,,,,,,,,,,1,1103,AB,02,210131309,,2,4,3,387,384,41,2149,377,376,37,1816,37,1816,0,0,0,0,0,0,0,0
325457,67065,45,,,南京航空航天大学,,,,8,6,1,本科,2020,文科,本科第一批次,,,,法学,100325457,,,,,四年,5200,√√√√,2293,030101,105,法学,法学类,,,,,,,165,343,12,0,0,5,5,,,,,121,339,5,0,0,0,1,1,0,1,A-,工科,江苏,公办院校,,,,,,,,,,,1,1103,AB,03,110210617,,4,9,12,393,387,44,1694,381,379,40,1406,40,1406,36,1839,36,1475,26,1197,28,1207
